Candidate_ID,Name,Age,Gender,Country,State,Education,Experience,Skill_Score,Communication_Score,Technical_Test_Score,Interview_Score,Certifications_Count,Previous_Company_Rating,Expected_Salary,Notice_Period,Result
C0001,Arjun,23,Male,UK,Manchester,UG,6,8,9,7,9,4,2,94000,30,1
C0002,Aman,22,Male,Canada,Quebec,PG,6,7,7,9,8,2,5,92000,90,0
C0003,Aman,30,Female,India,Haryana,Diploma,7,8,6,8,9,0,4,102000,30,0
C0004,Arjun,35,Male,UK,Manchester,Diploma,5,9,8,5,5,2,3,88000,90,0
C0005,Arjun,23,Female,USA,Texas,PG,9,8,8,7,8,3,1,118000,30,0
C0006,Emily,32,Male,UK,London,Diploma,4,7,9,5,6,3,1,76000,45,0
C0007,Neha,32,Male,Australia,Melbourne,Diploma,1,6,5,6,9,1,4,50000,15,0
C0008,John,28,Female,USA,Texas,PG,6,8,9,7,5,3,2,94000,15,0
C0009,Neha,32,Male,USA,New York,UG,3,6,6,8,9,1,2,66000,15,0
C0010,Arjun,33,Male,UK,London,UG,1,6,8,8,5,5,5,50000,90,0
C0011,Rahul,33,Female,USA,California,Diploma,1,9,6,5,8,3,4,56000,60,0
C0012,Sara,32,Female,Australia,Melbourne,Diploma,8,9,9,5,5,0,1,112000,90,0
C0013,Priya,31,Male,USA,California,Diploma,7,7,7,5,7,2,1,100000,45,0
C0014,Neha,22,Female,Canada,Ontario,PG,4,6,6,5,8,0,4,74000,45,0
C0015,Neha,23,Female,UK,Manchester,Diploma,0,9,7,8,7,2,1,48000,45,0
C0016,Sara,29,Female,India,Delhi,UG,4,7,5,9,6,5,3,76000,60,0
C0017,Arjun,33,Male,Canada,Ontario,UG,9,6,8,9,7,0,4,114000,60,0
C0018,Karan,27,Male,UK,Manchester,PG,3,9,9,7,9,3,5,72000,30,1
C0019,Neha,25,Female,USA,California,PG,2,8,6,6,9,5,1,62000,45,0
C0020,Sara,30,Male,India,Tamil Nadu,UG,5,8,8,8,8,3,3,86000,60,0
C0021,Emily,34,Male,India,Punjab,Diploma,6,8,5,5,5,0,3,94000,90,0
C0022,Sara,29,Female,Canada,Ontario,UG,8,8,9,5,7,5,3,110000,90,0
C0023,Emily,24,Male,USA,California,PG,4,5,7,6,8,2,1,72000,90,0
C0024,Meera,23,Male,Canada,Quebec,PG,0,5,6,8,8,5,2,40000,15,0
C0025,Emily,22,Female,Australia,Melbourne,Diploma,0,9,5,5,7,0,2,48000,30,0
C0026,Sara,25,Female,India,Maharashtra,UG,5,9,5,5,7,5,2,88000,60,0
C0027,John,24,Female,USA,Texas,PG,9,8,7,7,5,5,5,118000,90,0
C0028,Neha,23,Female,USA,California,UG,1,7,5,5,8,2,5,52000,15,0
C0029,Anjali,35,Male,India,Haryana,Diploma,3,8,7,8,7,1,3,70000,15,0
C0030,Karan,31,Female,UK,London,UG,2,8,8,5,5,1,1,62000,30,0
C0031,John,29,Female,UK,Manchester,Diploma,8,5,6,6,7,3,2,104000,45,0
C0032,Aman,25,Female,Australia,Sydney,UG,3,8,5,6,5,5,4,70000,60,0
C0033,Priya,24,Female,USA,California,UG,4,7,5,5,7,2,3,76000,45,0
C0034,David,34,Female,Canada,Ontario,UG,7,5,8,7,5,3,4,96000,90,0
C0035,David,22,Male,Canada,Ontario,PG,2,5,7,5,9,1,2,56000,60,0
C0036,Rahul,21,Male,India,Maharashtra,Diploma,5,7,9,5,8,0,4,84000,30,0
C0037,Priya,23,Female,UK,London,PG,4,8,7,5,5,3,3,78000,15,0
C0038,Aman,34,Male,Australia,Sydney,UG,5,9,7,7,7,1,5,88000,45,0
C0039,Priya,24,Male,Australia,Melbourne,PG,0,8,5,9,8,4,3,46000,45,0
C0040,Sara,34,Female,USA,New York,UG,2,5,5,8,8,5,5,56000,15,0
C0041,Meera,34,Female,India,Karnataka,UG,4,7,8,5,9,4,1,76000,45,0
C0042,Sara,27,Female,Canada,Quebec,UG,4,7,8,5,8,4,5,76000,90,0
C0043,Rahul,23,Female,India,Maharashtra,Diploma,0,7,6,5,6,5,2,44000,45,0
C0044,Meera,21,Male,UK,London,Diploma,7,6,6,7,6,1,2,98000,90,0
C0045,David,23,Female,UK,Manchester,PG,7,5,5,7,9,1,2,96000,30,0
C0046,Priya,33,Male,Australia,Melbourne,Diploma,1,5,9,8,6,0,4,48000,45,0
C0047,Emily,27,Female,Australia,Melbourne,UG,3,5,8,7,8,1,2,64000,60,0
C0048,Neha,30,Female,India,Punjab,Diploma,5,7,5,6,9,5,2,84000,45,0
C0049,David,21,Male,India,Maharashtra,UG,5,5,8,6,7,3,5,80000,45,0
C0050,David,26,Male,Australia,Melbourne,PG,7,9,8,8,8,4,4,104000,15,1
C0051,Neha,34,Female,UK,Manchester,PG,3,7,8,9,6,3,2,68000,15,0
C0052,Sara,30,Female,India,Punjab,Diploma,2,5,7,8,6,1,5,56000,45,0
C0053,Meera,21,Female,USA,California,UG,4,5,8,9,5,1,2,72000,60,0
C0054,David,26,Male,India,Tamil Nadu,Diploma,1,5,9,9,5,4,5,48000,45,0
C0055,John,33,Male,India,Tamil Nadu,Diploma,6,7,8,6,7,4,1,92000,30,0
C0056,Arjun,25,Male,USA,New York,PG,4,5,8,9,8,1,2,72000,45,0
C0057,Aman,24,Male,Australia,Melbourne,Diploma,6,8,5,9,6,1,5,94000,60,0
C0058,Aman,28,Male,Canada,Quebec,Diploma,1,8,6,6,7,1,1,54000,15,0
C0059,Aman,24,Male,India,Maharashtra,Diploma,4,9,8,6,5,3,3,80000,45,0
C0060,John,33,Female,USA,California,Diploma,7,8,6,7,8,0,1,102000,60,0
C0061,Arjun,28,Male,USA,Texas,UG,2,7,9,8,7,0,1,60000,60,0
C0062,Aman,33,Female,Canada,Quebec,UG,9,7,8,9,9,3,2,116000,60,1
C0063,Meera,30,Female,Australia,Melbourne,PG,2,6,7,5,6,4,2,58000,15,0
C0064,Arjun,22,Female,Canada,Quebec,UG,9,6,7,5,8,1,5,114000,45,0
C0065,Karan,30,Male,Australia,Melbourne,PG,7,8,5,9,9,0,4,102000,90,0
C0066,John,21,Female,India,Karnataka,Diploma,4,5,7,5,7,3,2,72000,15,0
C0067,Meera,29,Female,USA,Texas,PG,6,9,8,5,9,0,3,96000,60,0
C0068,Meera,21,Male,USA,Texas,Diploma,0,5,8,5,9,2,3,40000,90,0
C0069,Sara,27,Male,Canada,Ontario,PG,3,8,9,5,7,3,1,70000,15,0
C0070,Emily,29,Female,India,Punjab,PG,3,7,6,9,9,2,4,68000,15,0
C0071,Meera,25,Male,Canada,Quebec,Diploma,3,7,9,8,9,0,5,68000,45,1
C0072,John,31,Female,Australia,Sydney,UG,9,6,6,9,7,4,3,114000,15,0
C0073,Neha,33,Female,UK,London,UG,1,8,5,6,6,3,1,54000,30,0
C0074,Anjali,22,Male,USA,Texas,UG,5,9,6,5,6,2,2,88000,45,0
C0075,Rahul,21,Female,USA,Texas,PG,4,9,9,7,9,0,4,80000,30,1
C0076,Emily,35,Female,UK,London,PG,6,5,9,8,8,5,4,88000,45,0
C0077,Emily,27,Female,Canada,Quebec,UG,2,9,8,7,6,1,3,64000,45,0
C0078,Anjali,24,Male,India,Maharashtra,Diploma,2,9,9,6,8,5,2,64000,45,0
C0079,Emily,34,Female,India,Gujarat,PG,7,9,5,5,7,4,4,104000,60,0
C0080,Sara,26,Male,Australia,Melbourne,PG,8,8,5,5,5,5,5,110000,15,0
C0081,Priya,31,Female,Australia,Sydney,UG,9,8,9,9,9,4,5,118000,60,1
C0082,Anjali,35,Female,India,Karnataka,PG,4,8,7,7,8,0,2,78000,15,0
C0083,Aman,32,Male,Australia,Melbourne,PG,8,5,5,9,7,0,3,104000,60,0
C0084,John,30,Female,Australia,Sydney,Diploma,9,8,8,9,6,3,4,118000,15,0
C0085,Rahul,29,Male,USA,New York,PG,7,6,8,6,8,3,5,98000,45,0
C0086,Aman,33,Female,USA,California,PG,3,7,5,5,5,4,4,68000,30,0
C0087,Neha,30,Female,Canada,Ontario,Diploma,2,9,6,7,9,0,2,64000,60,0
C0088,Emily,22,Male,Canada,Quebec,Diploma,7,6,7,9,9,0,1,98000,45,0
C0089,David,31,Female,India,Tamil Nadu,Diploma,0,7,9,6,5,5,3,44000,60,0
C0090,Neha,25,Female,Australia,Melbourne,Diploma,0,9,5,6,5,2,1,48000,90,0
C0091,Meera,25,Female,UK,London,PG,6,8,5,9,9,5,3,94000,15,1
C0092,Emily,21,Female,India,Gujarat,Diploma,6,9,9,9,6,1,3,96000,60,1
C0093,Aman,34,Male,USA,New York,PG,4,5,5,7,9,4,4,72000,45,0
C0094,Karan,26,Female,Australia,Sydney,Diploma,0,5,6,8,6,1,2,40000,30,0
C0095,David,25,Male,Australia,Sydney,Diploma,5,7,7,6,8,0,4,84000,45,0
C0096,Meera,27,Male,India,Punjab,Diploma,8,5,9,9,6,2,3,104000,60,0
C0097,John,23,Female,UK,London,Diploma,5,8,6,6,6,1,3,86000,90,0
C0098,Neha,23,Male,Australia,Melbourne,Diploma,1,8,5,5,8,5,2,54000,90,0
C0099,Rahul,21,Male,USA,California,Diploma,0,9,9,8,6,0,2,48000,90,0
C0100,Priya,31,Female,USA,Texas,UG,3,9,6,9,6,4,3,72000,30,0
C0101,Rahul,23,Female,USA,California,PG,2,5,7,8,8,0,3,56000,60,0
C0102,Meera,22,Female,Canada,Ontario,Diploma,1,9,6,7,7,4,5,56000,90,0
C0103,Karan,30,Male,USA,Texas,Diploma,9,9,9,5,9,0,4,120000,60,0
C0104,Meera,29,Male,Canada,Quebec,UG,1,5,6,9,7,0,2,48000,45,0
C0105,Meera,28,Female,USA,New York,PG,8,7,9,5,6,3,1,108000,30,0
C0106,Karan,33,Female,UK,Manchester,PG,0,7,9,8,6,3,2,44000,15,0
C0107,Sara,22,Female,Canada,Ontario,UG,9,7,7,7,7,3,5,116000,90,0
C0108,Aman,27,Female,USA,California,PG,9,7,7,5,9,3,2,116000,15,0
C0109,David,24,Male,Australia,Melbourne,Diploma,8,5,6,8,5,0,5,104000,90,0
C0110,Neha,35,Female,Canada,Quebec,PG,8,8,6,7,5,4,2,110000,60,0
C0111,Emily,25,Male,Australia,Melbourne,PG,3,6,5,8,7,1,1,66000,30,0
C0112,Priya,26,Male,UK,Manchester,PG,5,8,6,6,7,2,5,86000,15,0
C0113,Anjali,34,Female,Canada,Ontario,PG,4,5,5,9,9,5,4,72000,60,0
C0114,Rahul,24,Male,Australia,Sydney,UG,7,5,7,7,9,3,2,96000,30,0
C0115,David,23,Female,Canada,Quebec,UG,3,5,7,5,6,2,2,64000,45,0
C0116,Priya,21,Male,Australia,Melbourne,Diploma,4,6,8,7,8,0,4,74000,45,0
C0117,Aman,23,Male,Australia,Sydney,Diploma,0,6,9,7,8,4,3,42000,90,0
C0118,David,33,Female,UK,Manchester,PG,0,6,6,9,6,3,2,42000,45,0
C0119,Priya,29,Male,Canada,Ontario,UG,7,6,8,5,9,0,1,98000,60,0
C0120,Aman,34,Female,USA,Texas,UG,7,7,5,9,8,3,2,100000,30,0
C0121,Aman,21,Female,India,Haryana,UG,4,7,5,6,8,2,3,76000,30,0
C0122,Arjun,34,Male,India,Delhi,UG,7,8,9,7,5,4,4,102000,45,0
C0123,Neha,34,Male,USA,Texas,PG,2,9,9,9,7,2,2,64000,30,1
C0124,Emily,33,Female,India,Punjab,Diploma,3,5,9,6,5,1,3,64000,30,0
C0125,Meera,34,Male,India,Gujarat,Diploma,5,5,5,5,5,0,2,80000,60,0
C0126,Arjun,35,Male,Australia,Sydney,Diploma,4,7,7,7,7,1,4,76000,45,0
C0127,Rahul,21,Female,USA,California,PG,0,8,7,8,9,5,1,46000,90,0
C0128,Karan,31,Male,Canada,Quebec,PG,4,7,5,8,6,1,5,76000,60,0
C0129,Anjali,28,Female,Canada,Quebec,UG,9,5,9,8,9,3,5,112000,90,0
C0130,John,35,Female,USA,New York,Diploma,4,9,8,8,9,1,3,80000,90,1
C0131,Aman,25,Female,UK,Manchester,UG,2,7,8,8,6,2,3,60000,15,0
C0132,Karan,33,Female,India,Tamil Nadu,PG,3,7,6,6,7,3,2,68000,15,0
C0133,Sara,32,Female,Australia,Sydney,Diploma,7,6,5,5,8,2,4,98000,15,0
C0134,John,35,Male,India,Punjab,PG,3,8,9,9,6,0,4,70000,45,0
C0135,Meera,27,Male,India,Punjab,PG,9,5,7,9,5,5,3,112000,15,0
C0136,John,21,Female,Australia,Sydney,UG,0,9,9,6,8,5,1,48000,60,0
C0137,Rahul,24,Female,Canada,Quebec,Diploma,5,7,9,5,9,0,2,84000,90,0
C0138,Rahul,30,Female,UK,Manchester,Diploma,8,9,6,5,7,3,1,112000,45,0
C0139,Neha,31,Female,Australia,Sydney,Diploma,5,6,6,7,6,2,1,82000,30,0
C0140,Sara,35,Male,UK,Manchester,Diploma,2,5,8,9,5,0,5,56000,30,0
C0141,Arjun,24,Female,India,Karnataka,Diploma,5,6,8,6,9,0,1,82000,45,0
C0142,Arjun,33,Male,USA,New York,Diploma,8,5,8,8,9,0,1,104000,45,0
C0143,Priya,33,Male,India,Karnataka,Diploma,6,7,7,7,9,0,5,92000,90,0
C0144,Arjun,26,Female,Canada,Quebec,PG,7,7,6,5,7,1,2,100000,60,0
C0145,Emily,30,Female,Australia,Melbourne,PG,0,6,7,8,5,4,3,42000,45,0
C0146,Arjun,27,Male,India,Punjab,Diploma,9,7,6,8,5,3,2,116000,45,0
C0147,John,35,Male,Canada,Quebec,UG,7,5,5,7,7,4,1,96000,30,0
C0148,Karan,28,Female,Canada,Quebec,PG,4,7,7,5,8,1,3,76000,15,0
C0149,Aman,34,Female,India,Maharashtra,Diploma,7,7,8,8,9,5,5,100000,60,1
C0150,Karan,23,Female,Canada,Ontario,Diploma,6,6,6,5,9,2,5,90000,60,0
C0151,Rahul,24,Female,UK,Manchester,Diploma,3,9,8,6,6,0,5,72000,15,0
C0152,Emily,26,Female,Canada,Ontario,Diploma,9,6,7,8,8,4,5,114000,15,0
C0153,Priya,26,Male,Australia,Melbourne,Diploma,8,6,9,8,7,3,2,106000,60,0
C0154,Aman,21,Female,Canada,Quebec,PG,7,5,6,7,5,1,3,96000,30,0
C0155,Priya,34,Male,USA,California,Diploma,8,6,9,5,5,5,3,106000,60,0
C0156,Rahul,31,Female,Canada,Ontario,PG,3,6,6,9,9,1,5,66000,45,0
C0157,Meera,21,Female,USA,Texas,Diploma,5,6,9,6,8,0,2,82000,30,0
C0158,Sara,31,Female,India,Haryana,PG,4,5,6,8,9,1,5,72000,60,0
C0159,Sara,27,Male,India,Gujarat,PG,8,7,6,8,9,0,5,108000,15,0
C0160,Arjun,34,Male,India,Karnataka,Diploma,9,9,5,6,9,3,2,120000,45,0
C0161,Sara,23,Male,India,Maharashtra,UG,1,8,7,5,7,4,4,54000,45,0
C0162,Emily,31,Male,India,Delhi,PG,9,9,9,7,7,3,1,120000,90,0
C0163,Arjun,35,Male,Australia,Melbourne,PG,6,7,6,9,5,1,4,92000,60,0
C0164,Anjali,33,Female,USA,Texas,Diploma,3,7,7,8,7,0,3,68000,45,0
C0165,Priya,28,Female,India,Delhi,UG,1,5,6,6,9,0,1,48000,15,0
C0166,John,27,Male,USA,California,Diploma,0,5,5,9,7,1,1,40000,30,0
C0167,Aman,34,Male,Canada,Ontario,Diploma,2,7,6,9,8,3,3,60000,90,0
C0168,Aman,31,Female,Canada,Ontario,UG,5,6,8,7,9,3,3,82000,90,0
C0169,Meera,34,Male,Canada,Ontario,PG,0,9,5,6,5,0,4,48000,30,0
C0170,Rahul,22,Female,USA,Texas,UG,7,7,9,5,9,5,1,100000,15,0
C0171,Arjun,35,Female,USA,Texas,PG,8,8,7,6,5,4,2,110000,30,0
C0172,David,27,Female,India,Karnataka,PG,9,5,6,9,6,5,5,112000,15,0
C0173,Sara,27,Male,Australia,Melbourne,PG,8,7,6,7,9,1,4,108000,15,0
C0174,Priya,32,Male,India,Punjab,UG,2,6,7,6,5,5,3,58000,60,0
C0175,Priya,24,Female,USA,New York,UG,1,7,9,7,6,3,1,52000,60,0
C0176,Sara,32,Male,UK,London,PG,5,5,9,6,5,4,2,80000,15,0
C0177,Meera,22,Male,USA,Texas,Diploma,1,7,6,6,7,4,5,52000,60,0
C0178,Rahul,32,Female,India,Maharashtra,Diploma,2,7,8,9,5,4,5,60000,45,0
C0179,Neha,21,Female,USA,Texas,Diploma,8,8,5,6,5,3,5,110000,15,0
C0180,Aman,29,Female,Australia,Sydney,UG,0,7,9,6,8,1,5,44000,90,0
C0181,Arjun,31,Male,UK,Manchester,UG,0,9,5,5,5,3,4,48000,15,0
C0182,John,34,Female,Australia,Melbourne,UG,9,9,9,9,7,3,3,120000,45,1
C0183,John,35,Male,UK,Manchester,Diploma,1,5,8,8,7,3,5,48000,90,0
C0184,David,29,Male,UK,London,Diploma,5,9,7,9,6,2,2,88000,30,0
C0185,Rahul,25,Female,Canada,Ontario,PG,9,5,5,6,7,5,5,112000,45,0
C0186,Emily,33,Male,Canada,Ontario,UG,5,5,5,7,8,1,1,80000,45,0
C0187,Sara,26,Female,India,Maharashtra,PG,9,7,6,6,5,2,3,116000,15,0
C0188,Neha,22,Female,India,Karnataka,PG,7,9,5,5,8,5,5,104000,60,0
C0189,Arjun,29,Male,Australia,Melbourne,PG,8,7,7,8,9,0,3,108000,45,0
C0190,Neha,31,Male,USA,California,Diploma,1,8,6,5,5,4,3,54000,60,0
C0191,Sara,32,Female,USA,California,UG,1,8,7,9,6,1,5,54000,15,0
C0192,David,23,Male,USA,Texas,PG,4,9,5,6,9,5,5,80000,45,0
C0193,Anjali,26,Male,USA,Texas,Diploma,9,7,6,7,9,4,1,116000,45,0
C0194,John,33,Male,Canada,Ontario,PG,7,7,8,5,7,2,1,100000,60,0
C0195,David,27,Male,UK,Manchester,Diploma,8,9,6,8,7,5,4,112000,30,0
C0196,Karan,30,Female,India,Punjab,UG,4,7,9,6,5,2,2,76000,45,0
C0197,Sara,27,Male,Australia,Melbourne,UG,4,6,8,6,9,4,4,74000,90,0
C0198,Neha,32,Male,USA,New York,UG,1,9,7,5,5,0,2,56000,30,0
C0199,Meera,35,Male,India,Haryana,PG,7,9,7,7,6,0,2,104000,60,0
C0200,John,31,Female,Australia,Melbourne,UG,4,9,8,8,8,1,4,80000,90,1
C0201,Sara,28,Female,India,Delhi,Diploma,0,8,5,6,5,5,2,46000,15,0
C0202,John,24,Male,UK,Manchester,Diploma,1,6,9,8,8,2,3,50000,90,0
C0203,Sara,27,Male,Australia,Melbourne,Diploma,6,9,7,5,7,2,2,96000,60,0
C0204,Sara,33,Female,Canada,Quebec,Diploma,9,6,6,9,8,0,3,114000,45,0
C0205,Karan,26,Male,Canada,Quebec,PG,8,9,9,7,8,1,4,112000,45,1
C0206,Emily,31,Male,UK,Manchester,UG,2,5,8,8,9,4,5,56000,45,0
C0207,Neha,30,Female,Canada,Quebec,UG,3,7,5,9,7,2,1,68000,90,0
C0208,John,22,Female,USA,California,PG,5,6,9,7,5,0,4,82000,30,0
C0209,Anjali,34,Female,UK,Manchester,UG,7,8,5,5,9,4,3,102000,45,0
C0210,Anjali,30,Female,UK,Manchester,PG,1,8,7,9,8,4,4,54000,60,0
C0211,John,29,Female,UK,London,Diploma,2,8,5,5,8,3,4,62000,45,0
C0212,Arjun,33,Female,Canada,Quebec,UG,5,5,8,9,9,1,3,80000,30,0
C0213,Meera,21,Female,India,Karnataka,PG,0,9,6,6,7,4,1,48000,60,0
C0214,David,29,Male,Australia,Melbourne,PG,5,5,7,7,5,0,4,80000,60,0
C0215,Meera,21,Male,UK,Manchester,Diploma,5,8,8,5,6,1,4,86000,15,0
C0216,Emily,33,Male,USA,New York,Diploma,1,5,5,5,9,5,1,48000,15,0
C0217,Anjali,30,Male,Australia,Sydney,Diploma,3,6,6,6,6,1,2,66000,60,0
C0218,Karan,26,Female,UK,Manchester,Diploma,6,8,5,7,9,2,3,94000,90,0
C0219,Neha,34,Male,Canada,Ontario,Diploma,8,5,5,6,8,1,4,104000,30,0
C0220,Karan,26,Female,India,Delhi,Diploma,3,7,7,8,8,5,2,68000,15,0
C0221,David,22,Male,USA,Texas,UG,9,7,5,8,6,5,3,116000,90,0
C0222,Arjun,30,Female,Australia,Sydney,UG,5,8,8,9,5,4,3,86000,15,0
C0223,Emily,22,Female,Australia,Melbourne,UG,2,8,9,9,9,2,4,62000,60,1
C0224,David,32,Male,UK,London,PG,5,6,7,9,5,2,3,82000,30,0
C0225,Aman,27,Male,Canada,Ontario,UG,9,7,7,9,9,5,1,116000,30,1
C0226,David,32,Male,Canada,Ontario,UG,0,9,6,9,8,4,4,48000,45,0
C0227,Neha,30,Male,USA,California,PG,3,8,6,5,7,0,4,70000,90,0
C0228,David,23,Male,Canada,Quebec,UG,4,6,8,6,6,3,2,74000,45,0
C0229,Arjun,28,Female,Canada,Quebec,UG,2,6,9,8,7,4,2,58000,15,0
C0230,Arjun,32,Male,Canada,Ontario,Diploma,4,5,7,6,8,5,2,72000,30,0
C0231,Arjun,33,Female,UK,London,UG,1,9,9,9,5,5,4,56000,90,0
C0232,John,29,Male,Canada,Ontario,Diploma,7,5,8,6,5,2,1,96000,90,0
C0233,Priya,33,Female,India,Karnataka,Diploma,1,7,9,9,5,3,4,52000,90,0
C0234,John,32,Female,UK,London,PG,6,7,6,7,6,4,2,92000,60,0
C0235,David,29,Male,USA,New York,Diploma,8,5,9,8,7,3,1,104000,60,0
C0236,Rahul,32,Female,UK,Manchester,PG,5,8,8,5,7,4,5,86000,30,0
C0237,Aman,31,Female,India,Gujarat,Diploma,4,5,5,8,8,5,4,72000,15,0
C0238,Anjali,33,Male,USA,Texas,UG,3,6,6,5,9,3,2,66000,90,0
C0239,Priya,21,Female,Canada,Ontario,Diploma,0,7,9,9,7,4,1,44000,45,0
C0240,Arjun,31,Female,Australia,Sydney,Diploma,2,8,6,8,9,1,3,62000,45,0
C0241,David,27,Male,UK,London,Diploma,1,5,6,9,5,2,2,48000,15,0
C0242,Rahul,27,Male,USA,Texas,PG,5,8,9,8,6,1,4,86000,45,0
C0243,Sara,35,Male,USA,California,Diploma,7,6,9,5,9,5,5,98000,15,0
C0244,John,22,Male,UK,Manchester,PG,5,6,5,6,7,1,2,82000,30,0
C0245,Meera,21,Female,USA,Texas,PG,0,6,5,8,7,0,4,42000,60,0
C0246,Sara,22,Female,India,Tamil Nadu,Diploma,0,7,9,9,5,1,4,44000,90,0
C0247,David,25,Female,Canada,Quebec,Diploma,1,5,5,5,5,4,1,48000,30,0
C0248,John,26,Male,India,Gujarat,PG,8,7,8,6,9,5,4,108000,90,0
C0249,Meera,31,Female,Australia,Sydney,Diploma,2,6,6,9,5,2,5,58000,30,0
C0250,Neha,23,Male,Canada,Ontario,Diploma,0,5,9,5,8,1,5,40000,15,0
C0251,Priya,31,Female,Australia,Sydney,Diploma,8,5,5,5,7,3,2,104000,90,0
C0252,Emily,28,Female,USA,California,Diploma,2,6,6,5,7,4,2,58000,15,0
C0253,Rahul,25,Female,Canada,Quebec,UG,1,8,9,9,6,0,4,54000,15,0
C0254,Emily,32,Male,India,Maharashtra,PG,1,9,8,8,7,5,2,56000,30,0
C0255,David,23,Female,UK,London,PG,4,7,9,8,5,3,3,76000,90,0
C0256,Karan,24,Female,UK,London,Diploma,3,9,9,7,6,5,5,72000,45,0
C0257,Priya,24,Female,USA,Texas,PG,4,8,7,9,8,2,2,78000,30,1
C0258,Sara,34,Male,Canada,Ontario,Diploma,1,6,5,9,8,1,1,50000,90,0
C0259,Sara,30,Male,USA,Texas,UG,6,8,6,9,5,1,5,94000,15,0
C0260,Meera,30,Female,Australia,Sydney,PG,7,8,8,8,5,3,5,102000,90,0
C0261,Priya,28,Female,Canada,Ontario,UG,6,9,8,5,6,0,2,96000,45,0
C0262,Arjun,25,Male,Canada,Ontario,UG,9,5,9,6,5,1,3,112000,45,0
C0263,Neha,22,Male,UK,London,PG,3,6,7,8,8,1,1,66000,60,0
C0264,Anjali,23,Male,Canada,Quebec,PG,2,8,6,5,6,4,1,62000,90,0
C0265,Anjali,27,Female,India,Maharashtra,Diploma,1,5,9,5,9,2,4,48000,45,0
C0266,Priya,22,Male,UK,London,UG,9,5,9,9,5,5,1,112000,15,0
C0267,Anjali,27,Female,UK,London,PG,2,9,6,7,6,5,5,64000,30,0
C0268,Aman,26,Female,India,Delhi,PG,8,5,7,8,7,3,2,104000,90,0
C0269,Meera,29,Female,India,Gujarat,Diploma,9,9,8,9,5,3,3,120000,15,0
C0270,Meera,32,Male,USA,New York,Diploma,7,5,7,5,8,4,1,96000,30,0
C0271,Anjali,23,Female,UK,Manchester,UG,1,8,9,8,7,4,2,54000,60,0
C0272,Priya,27,Female,Canada,Quebec,UG,5,8,9,6,7,5,2,86000,30,0
C0273,Neha,30,Female,Canada,Ontario,Diploma,1,5,7,6,8,5,4,48000,15,0
C0274,Sara,27,Female,India,Delhi,PG,3,9,9,9,5,1,1,72000,30,0
C0275,Sara,28,Female,India,Karnataka,PG,0,8,8,7,9,3,3,46000,60,0
C0276,Aman,24,Female,USA,New York,UG,5,9,8,8,5,0,5,88000,30,0
C0277,Meera,22,Female,Australia,Melbourne,PG,5,6,5,9,8,5,4,82000,90,0
C0278,Arjun,22,Female,UK,London,PG,3,5,6,9,6,0,5,64000,30,0
C0279,John,24,Male,USA,California,Diploma,8,5,5,7,7,3,2,104000,90,0
C0280,Neha,32,Female,USA,New York,UG,1,7,7,8,9,3,2,52000,90,0
C0281,Neha,34,Female,USA,New York,UG,0,6,6,9,7,5,2,42000,15,0
C0282,Sara,31,Female,UK,Manchester,PG,5,7,8,5,9,2,2,84000,90,0
C0283,Arjun,22,Male,UK,London,Diploma,1,7,6,8,6,1,1,52000,30,0
C0284,Karan,24,Female,UK,Manchester,Diploma,8,9,5,8,5,5,5,112000,15,0
C0285,Meera,28,Female,India,Haryana,Diploma,2,7,5,5,9,4,2,60000,90,0
C0286,Rahul,32,Male,Australia,Melbourne,Diploma,4,6,8,5,8,4,4,74000,60,0
C0287,Neha,32,Male,Canada,Quebec,UG,3,6,9,8,9,2,2,66000,15,0
C0288,Aman,29,Female,Canada,Ontario,PG,6,7,7,9,7,1,2,92000,45,0
C0289,Anjali,23,Female,India,Tamil Nadu,PG,1,7,6,9,5,2,1,52000,60,0
C0290,Karan,24,Female,Australia,Melbourne,Diploma,4,5,8,7,8,0,4,72000,60,0
C0291,David,24,Female,Canada,Ontario,PG,6,5,9,8,8,4,4,88000,15,0
C0292,Rahul,32,Female,India,Haryana,UG,5,6,9,8,9,2,3,82000,15,0
C0293,Sara,25,Female,Australia,Sydney,PG,5,9,9,9,6,5,3,88000,90,1
C0294,Sara,25,Female,Australia,Sydney,UG,5,9,6,6,9,0,5,88000,45,0
C0295,Rahul,33,Male,Australia,Melbourne,Diploma,9,6,9,9,9,1,5,114000,30,1
C0296,Sara,24,Male,Australia,Sydney,Diploma,3,5,7,5,8,2,5,64000,45,0
C0297,Aman,22,Female,USA,Texas,UG,6,9,6,8,6,3,4,96000,90,0
C0298,Anjali,25,Male,UK,Manchester,PG,7,7,5,9,8,4,2,100000,90,0
C0299,Rahul,21,Female,UK,London,Diploma,9,9,5,5,5,0,1,120000,15,0
C0300,John,32,Female,USA,California,UG,1,8,9,5,6,1,2,54000,90,0
C0301,Anjali,35,Male,Canada,Quebec,PG,7,9,8,7,6,2,1,104000,30,0
C0302,Neha,27,Female,Australia,Melbourne,Diploma,0,8,9,7,9,3,1,46000,90,0
C0303,Karan,28,Male,USA,California,UG,4,9,5,7,5,4,3,80000,45,0
C0304,John,31,Female,India,Delhi,UG,2,5,9,8,9,1,4,56000,90,0
C0305,David,25,Female,USA,New York,Diploma,3,7,7,8,7,2,2,68000,15,0
C0306,Meera,35,Female,India,Gujarat,PG,4,6,8,5,5,0,2,74000,45,0
C0307,Meera,29,Male,Canada,Ontario,Diploma,1,7,5,8,8,5,1,52000,30,0
C0308,Sara,31,Female,UK,Manchester,PG,8,6,6,6,9,3,4,106000,15,0
C0309,Anjali,30,Female,USA,California,PG,7,6,9,9,8,1,3,98000,30,0
C0310,Rahul,30,Male,Australia,Melbourne,Diploma,0,6,5,5,7,5,4,42000,90,0
C0311,Meera,34,Female,UK,London,PG,8,6,8,8,9,3,3,106000,30,0
C0312,Neha,35,Female,Australia,Sydney,UG,0,9,7,6,5,3,1,48000,30,0
C0313,Neha,29,Female,UK,Manchester,Diploma,1,9,9,9,8,2,3,56000,15,0
C0314,John,25,Male,Australia,Sydney,Diploma,5,8,9,9,6,1,5,86000,60,1
C0315,Meera,25,Male,India,Punjab,PG,3,7,6,7,8,4,3,68000,90,0
C0316,Anjali,35,Male,Australia,Melbourne,PG,0,7,7,9,8,0,5,44000,90,0
C0317,Emily,21,Female,UK,Manchester,UG,7,6,6,5,8,4,3,98000,30,0
C0318,Aman,25,Male,USA,New York,Diploma,3,7,6,6,7,0,2,68000,45,0
C0319,Arjun,24,Male,UK,Manchester,Diploma,6,7,7,6,5,4,1,92000,45,0
C0320,Neha,22,Female,Australia,Melbourne,Diploma,3,6,6,6,8,0,1,66000,15,0
C0321,Neha,25,Male,UK,London,UG,4,5,8,7,7,5,3,72000,15,0
C0322,Arjun,30,Female,India,Punjab,UG,9,8,9,8,8,1,3,118000,15,1
C0323,Meera,33,Male,USA,New York,Diploma,4,9,9,6,8,3,1,80000,60,0
C0324,Anjali,27,Female,UK,Manchester,UG,3,5,8,9,7,4,2,64000,60,0
C0325,John,23,Male,UK,Manchester,UG,3,8,6,6,7,3,4,70000,15,0
C0326,Sara,35,Female,USA,Texas,PG,0,7,9,8,6,5,5,44000,45,0
C0327,Sara,35,Male,UK,Manchester,Diploma,3,7,9,8,5,0,2,68000,90,0
C0328,David,32,Female,India,Tamil Nadu,PG,3,5,7,8,7,2,1,64000,15,0
C0329,Emily,35,Male,Canada,Quebec,PG,5,9,5,5,8,3,3,88000,60,0
C0330,Karan,24,Female,India,Haryana,PG,5,8,7,5,6,4,1,86000,60,0
C0331,Sara,26,Female,USA,New York,UG,9,6,7,9,7,0,5,114000,45,0
C0332,Arjun,23,Female,UK,London,Diploma,0,7,9,7,9,2,2,44000,60,0
C0333,John,25,Female,USA,California,Diploma,9,7,9,9,9,3,1,116000,30,1
C0334,Aman,23,Female,USA,Texas,PG,9,9,8,6,8,5,2,120000,60,0
C0335,Arjun,29,Female,USA,California,UG,0,5,8,5,8,3,4,40000,15,0
C0336,Arjun,27,Male,UK,London,PG,3,5,8,9,8,1,4,64000,90,0
C0337,Neha,29,Male,USA,California,PG,2,8,6,6,5,4,4,62000,90,0
C0338,Meera,25,Male,Canada,Ontario,Diploma,3,7,8,6,6,2,1,68000,45,0
C0339,Anjali,28,Female,USA,New York,Diploma,3,6,5,7,6,2,4,66000,15,0
C0340,John,25,Male,UK,London,Diploma,6,9,6,6,8,5,1,96000,30,0
C0341,Rahul,28,Female,UK,Manchester,UG,9,9,6,9,7,1,5,120000,90,1
C0342,John,33,Female,India,Tamil Nadu,UG,0,7,7,5,9,3,1,44000,30,0
C0343,Arjun,27,Female,USA,Texas,Diploma,8,5,6,9,8,1,1,104000,45,0
C0344,Priya,30,Female,USA,California,Diploma,5,5,5,9,9,1,4,80000,90,0
C0345,Arjun,25,Female,Canada,Quebec,PG,8,5,5,6,6,0,2,104000,15,0
C0346,Neha,33,Female,UK,Manchester,PG,4,6,5,6,6,1,3,74000,45,0
C0347,Aman,35,Male,USA,Texas,UG,6,8,8,7,6,2,3,94000,90,0
C0348,Karan,26,Female,UK,London,UG,0,9,8,6,8,5,4,48000,60,0
C0349,Aman,28,Male,UK,London,Diploma,7,9,8,8,7,4,1,104000,30,0
C0350,Anjali,28,Male,Australia,Sydney,UG,9,8,6,5,6,0,3,118000,90,0
C0351,Rahul,22,Male,Canada,Ontario,PG,0,6,8,7,8,0,3,42000,90,0
C0352,Meera,32,Female,USA,California,PG,2,9,7,7,8,1,4,64000,30,0
C0353,Sara,30,Male,Canada,Ontario,UG,8,8,9,9,5,5,2,110000,90,0
C0354,Arjun,22,Male,UK,Manchester,PG,3,8,6,7,9,2,3,70000,45,0
C0355,Aman,25,Male,Canada,Ontario,UG,7,5,8,5,9,3,3,96000,60,0
C0356,Sara,35,Female,India,Karnataka,Diploma,3,7,5,8,7,5,1,68000,45,0
C0357,Emily,26,Female,USA,Texas,PG,6,9,9,9,6,3,4,96000,45,1
C0358,John,24,Female,India,Delhi,Diploma,9,7,7,9,5,2,1,116000,60,0
C0359,Arjun,32,Male,UK,London,UG,8,8,6,6,9,2,5,110000,90,0
C0360,Karan,31,Male,Australia,Sydney,UG,8,8,6,7,8,3,1,110000,45,0
C0361,Aman,32,Male,India,Gujarat,PG,1,8,8,5,9,1,3,54000,45,0
C0362,Sara,24,Female,Canada,Ontario,UG,9,9,8,6,5,4,3,120000,90,0
C0363,Aman,27,Female,Australia,Sydney,UG,1,5,7,6,6,2,1,48000,60,0
C0364,Aman,23,Male,USA,Texas,Diploma,5,5,9,8,7,5,3,80000,15,0
C0365,Aman,35,Female,Australia,Sydney,Diploma,0,8,9,6,6,2,4,46000,30,0
C0366,Priya,30,Male,India,Delhi,UG,6,5,8,8,5,2,4,88000,90,0
C0367,Aman,34,Male,India,Karnataka,PG,8,9,7,5,9,4,4,112000,45,0
C0368,Anjali,35,Female,USA,New York,PG,3,8,5,5,7,3,5,70000,60,0
C0369,David,22,Male,UK,Manchester,Diploma,1,7,5,7,7,2,3,52000,15,0
C0370,John,24,Female,Australia,Sydney,UG,7,8,9,7,7,5,3,102000,60,0
C0371,Karan,23,Female,UK,London,PG,0,5,6,5,7,5,3,40000,30,0
C0372,Anjali,31,Female,Australia,Melbourne,UG,9,7,5,8,8,4,1,116000,45,0
C0373,Priya,33,Male,USA,Texas,Diploma,6,5,8,7,8,5,5,88000,15,0
C0374,Aman,25,Female,UK,London,Diploma,3,5,5,5,8,0,3,64000,45,0
C0375,Priya,32,Male,India,Delhi,PG,2,5,7,5,8,2,4,56000,30,0
C0376,Sara,34,Male,UK,Manchester,UG,7,6,5,9,5,4,1,98000,45,0
C0377,Aman,25,Male,Canada,Ontario,Diploma,2,7,6,9,9,4,4,60000,60,1
C0378,Meera,29,Female,Australia,Melbourne,Diploma,2,8,5,9,9,0,5,62000,45,0
C0379,Sara,26,Male,India,Karnataka,PG,3,7,5,6,5,4,4,68000,30,0
C0380,Meera,23,Female,UK,Manchester,PG,8,7,6,8,9,5,5,108000,60,0
C0381,Aman,32,Female,Australia,Melbourne,UG,5,8,5,9,7,3,4,86000,15,0
C0382,Rahul,31,Male,India,Haryana,UG,3,8,9,7,8,1,2,70000,45,0
C0383,Emily,32,Male,Canada,Ontario,UG,6,5,5,5,6,0,5,88000,15,0
C0384,Sara,29,Female,Australia,Melbourne,PG,5,6,7,7,8,1,1,82000,60,0
C0385,Emily,33,Female,Australia,Sydney,UG,0,7,7,9,8,0,5,44000,15,0
C0386,Rahul,30,Male,USA,New York,PG,5,5,5,7,8,3,1,80000,45,0
C0387,Rahul,29,Female,Canada,Ontario,Diploma,6,9,9,5,6,2,1,96000,15,0
C0388,Sara,31,Male,Australia,Melbourne,PG,7,9,5,5,5,4,3,104000,45,0
C0389,John,35,Male,Canada,Quebec,PG,6,5,9,7,7,2,5,88000,30,0
C0390,John,32,Male,USA,New York,UG,0,8,7,8,9,4,5,46000,15,0
C0391,Neha,31,Male,India,Punjab,PG,0,9,6,8,6,4,1,48000,90,0
C0392,Neha,24,Male,Australia,Melbourne,PG,6,9,5,8,6,1,2,96000,15,0
C0393,Rahul,21,Male,USA,New York,UG,0,8,6,9,7,3,4,46000,30,0
C0394,Meera,29,Male,UK,Manchester,PG,0,8,6,7,5,1,5,46000,60,0
C0395,Arjun,23,Female,Canada,Quebec,PG,9,6,7,7,9,1,2,114000,45,0
C0396,Emily,25,Female,India,Delhi,PG,5,5,5,8,7,3,3,80000,60,0
C0397,Priya,23,Male,India,Tamil Nadu,Diploma,1,9,7,6,5,0,4,56000,60,0
C0398,Rahul,35,Female,USA,Texas,UG,0,9,6,9,9,5,1,48000,60,0
C0399,John,23,Female,Australia,Melbourne,UG,8,5,8,9,7,1,4,104000,45,0
C0400,Rahul,23,Male,USA,New York,Diploma,6,5,9,6,8,3,2,88000,90,0
C0401,Neha,29,Male,UK,London,UG,2,8,8,5,7,1,3,62000,60,0
C0402,Karan,27,Female,USA,Texas,UG,5,8,8,5,6,3,5,86000,90,0
C0403,Arjun,30,Male,Canada,Quebec,UG,3,9,5,5,8,2,5,72000,60,0
C0404,David,21,Male,UK,London,PG,1,8,7,7,7,5,3,54000,15,0
C0405,John,35,Female,India,Punjab,Diploma,0,9,6,8,8,5,1,48000,90,0
C0406,Neha,23,Male,Australia,Sydney,Diploma,3,5,9,6,9,5,3,64000,60,0
C0407,Aman,22,Female,Canada,Ontario,Diploma,3,6,7,7,7,1,3,66000,30,0
C0408,Priya,33,Female,Australia,Sydney,PG,5,7,9,9,6,4,2,84000,15,0
C0409,Karan,22,Female,India,Delhi,UG,4,6,8,9,7,5,4,74000,90,0
C0410,Sara,21,Male,India,Haryana,Diploma,8,5,9,9,7,5,4,104000,45,0
C0411,Emily,22,Female,UK,Manchester,UG,5,8,9,9,5,0,5,86000,45,0
C0412,Neha,33,Male,USA,Texas,UG,5,9,7,7,7,1,2,88000,90,0
C0413,David,31,Male,Australia,Melbourne,PG,2,6,5,9,8,4,4,58000,30,0
C0414,Neha,33,Male,Canada,Quebec,PG,6,8,7,5,8,4,3,94000,45,0
C0415,Karan,32,Male,USA,California,Diploma,1,7,8,7,9,0,3,52000,90,0
C0416,Priya,25,Female,USA,New York,Diploma,1,5,6,7,9,4,4,48000,15,0
C0417,Karan,31,Male,USA,New York,UG,0,9,8,7,7,4,2,48000,60,0
C0418,Priya,21,Female,Canada,Quebec,PG,5,9,8,9,7,3,5,88000,30,1
C0419,John,23,Male,USA,California,Diploma,7,8,5,6,8,5,1,102000,45,0
C0420,Aman,24,Male,Australia,Melbourne,UG,2,6,8,8,8,5,2,58000,90,0
C0421,Priya,22,Male,UK,Manchester,UG,5,7,5,7,7,0,3,84000,15,0
C0422,Aman,35,Male,Australia,Sydney,PG,0,7,9,7,6,3,3,44000,60,0
C0423,Sara,21,Male,Australia,Sydney,Diploma,3,9,7,5,8,4,1,72000,15,0
C0424,Karan,35,Male,Australia,Sydney,UG,0,5,7,7,7,4,5,40000,90,0
C0425,Anjali,30,Male,UK,London,Diploma,6,6,9,7,7,5,2,90000,90,0
C0426,Rahul,34,Male,Canada,Quebec,UG,4,8,6,5,7,5,1,78000,60,0
C0427,David,21,Male,Canada,Quebec,UG,2,7,6,6,5,5,3,60000,45,0
C0428,Emily,32,Male,India,Karnataka,UG,3,5,9,5,9,4,5,64000,60,0
C0429,Karan,34,Female,India,Delhi,PG,8,5,8,7,6,0,2,104000,60,0
C0430,Priya,22,Male,Canada,Quebec,Diploma,3,7,7,7,8,4,5,68000,90,0
C0431,Neha,26,Female,UK,Manchester,Diploma,2,7,6,5,6,1,4,60000,30,0
C0432,Arjun,28,Male,UK,Manchester,UG,1,6,6,9,8,1,3,50000,60,0
C0433,Meera,34,Female,UK,Manchester,PG,6,7,9,9,5,0,1,92000,60,0
C0434,Priya,29,Male,India,Gujarat,Diploma,4,9,9,7,9,2,1,80000,15,1
C0435,Aman,24,Female,USA,California,UG,5,5,6,6,8,5,4,80000,60,0
C0436,Neha,33,Male,Canada,Ontario,PG,1,6,8,8,9,5,4,50000,15,0
C0437,John,29,Female,Canada,Quebec,UG,6,6,8,6,6,1,3,90000,15,0
C0438,Emily,26,Female,India,Delhi,Diploma,0,5,5,6,9,1,2,40000,60,0
C0439,Priya,33,Female,Australia,Melbourne,PG,5,5,6,5,9,3,1,80000,30,0
C0440,John,32,Male,UK,London,Diploma,8,5,7,7,5,2,2,104000,30,0
C0441,Meera,26,Female,Canada,Quebec,PG,3,8,6,7,9,2,1,70000,45,0
C0442,David,33,Male,UK,Manchester,Diploma,7,8,7,9,5,1,2,102000,45,0
C0443,Priya,31,Female,India,Gujarat,Diploma,0,8,7,5,6,4,5,46000,30,0
C0444,Meera,34,Female,USA,Texas,UG,4,5,8,7,5,3,1,72000,30,0
C0445,Sara,30,Male,Canada,Quebec,PG,8,9,8,7,7,3,5,112000,45,0
C0446,Neha,32,Female,UK,Manchester,UG,0,9,8,5,7,1,3,48000,45,0
C0447,Priya,24,Female,India,Maharashtra,PG,8,8,5,9,6,4,5,110000,90,0
C0448,Neha,27,Female,USA,New York,PG,1,5,5,7,5,3,5,48000,90,0
C0449,Karan,32,Male,Canada,Ontario,Diploma,1,5,8,6,7,3,4,48000,60,0
C0450,Emily,23,Female,USA,Texas,Diploma,4,8,5,8,9,3,3,78000,60,0
C0451,David,34,Female,UK,Manchester,UG,8,5,6,9,8,4,2,104000,60,0
C0452,Rahul,23,Female,Canada,Ontario,PG,4,6,5,8,6,2,1,74000,90,0
C0453,Emily,24,Female,USA,California,UG,5,5,8,8,9,2,1,80000,45,0
C0454,Sara,28,Female,USA,New York,UG,9,8,6,5,8,3,1,118000,90,0
C0455,Anjali,22,Female,USA,Texas,PG,9,8,7,9,6,2,1,118000,15,0
C0456,David,34,Male,Australia,Sydney,Diploma,4,9,5,5,6,3,1,80000,60,0
C0457,Anjali,28,Male,Canada,Quebec,Diploma,4,8,9,8,7,0,3,78000,30,0
C0458,Anjali,29,Male,Australia,Melbourne,UG,0,5,9,7,8,2,5,40000,60,0
C0459,Sara,24,Female,Australia,Sydney,PG,1,6,8,9,8,3,2,50000,60,0
C0460,Rahul,26,Male,Canada,Ontario,Diploma,9,5,9,8,6,2,4,112000,60,0
C0461,Rahul,30,Male,USA,California,Diploma,8,5,7,6,8,1,1,104000,15,0
C0462,Anjali,25,Male,India,Delhi,PG,8,6,7,9,7,2,5,106000,30,0
C0463,Karan,35,Female,UK,Manchester,UG,7,8,8,7,7,0,1,102000,60,0
C0464,Sara,22,Male,USA,California,Diploma,3,8,5,5,6,1,1,70000,45,0
C0465,David,22,Female,UK,London,PG,4,8,8,5,7,5,1,78000,30,0
C0466,Arjun,26,Female,USA,New York,Diploma,5,7,6,9,6,4,5,84000,15,0
C0467,Rahul,28,Male,UK,Manchester,PG,5,6,6,9,7,5,5,82000,45,0
C0468,John,32,Male,USA,New York,PG,0,5,7,9,6,2,4,40000,30,0
C0469,Rahul,34,Female,USA,California,Diploma,5,5,8,7,8,2,2,80000,45,0
C0470,Aman,27,Male,USA,Texas,PG,8,8,7,9,5,1,3,110000,30,0
C0471,Anjali,31,Female,UK,London,Diploma,6,6,6,8,8,2,5,90000,30,0
C0472,Priya,27,Female,UK,Manchester,Diploma,1,5,7,7,9,1,2,48000,90,0
C0473,Anjali,31,Male,Canada,Ontario,PG,7,9,6,8,5,2,1,104000,15,0
C0474,Karan,24,Female,USA,Texas,Diploma,3,6,9,8,5,4,2,66000,15,0
C0475,Karan,32,Male,Australia,Sydney,UG,4,8,8,6,7,4,2,78000,60,0
C0476,Sara,23,Male,UK,Manchester,Diploma,7,6,7,9,7,0,5,98000,15,0
C0477,Aman,29,Female,UK,London,PG,9,8,5,7,6,2,1,118000,90,0
C0478,Karan,23,Male,Australia,Melbourne,Diploma,6,5,7,8,8,4,3,88000,60,0
C0479,David,33,Male,UK,Manchester,Diploma,0,7,6,5,6,4,4,44000,60,0
C0480,Neha,21,Female,Australia,Melbourne,UG,3,9,7,6,8,0,2,72000,90,0
C0481,Anjali,31,Female,UK,Manchester,Diploma,9,6,9,8,8,1,3,114000,30,0
C0482,Karan,28,Male,USA,California,PG,8,5,9,6,5,0,2,104000,30,0
C0483,John,23,Female,UK,Manchester,PG,8,9,8,9,7,2,5,112000,60,1
C0484,John,25,Female,India,Karnataka,PG,9,7,7,9,8,1,5,116000,15,0
C0485,John,28,Male,Canada,Ontario,UG,3,6,8,6,8,4,5,66000,45,0
C0486,Priya,35,Male,India,Tamil Nadu,PG,8,7,8,5,7,3,2,108000,90,0
C0487,Aman,22,Female,USA,California,PG,2,9,5,7,7,4,4,64000,15,0
C0488,David,27,Male,USA,California,PG,7,6,8,7,6,0,1,98000,90,0
C0489,Aman,29,Male,India,Delhi,PG,4,8,9,9,9,5,1,78000,60,1
C0490,Aman,33,Female,Australia,Sydney,Diploma,8,8,9,5,6,5,5,110000,60,0
C0491,Rahul,35,Male,Australia,Melbourne,UG,3,7,7,8,8,3,3,68000,30,0
C0492,Priya,29,Female,India,Karnataka,PG,3,5,9,9,6,1,5,64000,45,0
C0493,Anjali,28,Male,India,Maharashtra,Diploma,2,5,7,8,9,5,5,56000,60,0
C0494,David,21,Male,India,Maharashtra,Diploma,0,7,6,6,7,1,1,44000,90,0
C0495,Anjali,25,Male,Canada,Quebec,UG,9,5,5,8,8,0,3,112000,60,0
C0496,John,29,Male,USA,New York,PG,4,5,5,5,7,3,1,72000,60,0
C0497,Priya,21,Female,USA,California,PG,7,6,7,5,6,4,1,98000,30,0
C0498,Arjun,24,Male,Australia,Melbourne,Diploma,1,7,5,9,5,4,4,52000,45,0
C0499,Emily,21,Female,Australia,Sydney,PG,4,7,5,5,8,4,1,76000,15,0
C0500,Aman,31,Female,India,Punjab,Diploma,2,6,8,8,6,0,3,58000,15,0
C0501,Priya,28,Female,India,Delhi,UG,3,7,6,5,6,4,4,68000,15,0
C0502,Emily,25,Female,UK,Manchester,PG,2,5,5,5,7,4,1,56000,60,0
C0503,John,30,Male,India,Haryana,Diploma,5,9,7,7,8,2,3,88000,15,0
C0504,Neha,29,Female,USA,New York,UG,8,8,8,8,6,5,3,110000,90,0
C0505,Sara,28,Female,USA,California,PG,4,7,6,7,7,1,4,76000,60,0
C0506,Karan,32,Male,India,Haryana,Diploma,0,5,8,9,7,4,3,40000,15,0
C0507,John,26,Female,India,Maharashtra,Diploma,0,5,9,5,8,5,5,40000,45,0
C0508,Rahul,31,Female,UK,Manchester,UG,7,7,5,6,5,2,5,100000,45,0
C0509,Rahul,26,Male,Canada,Quebec,UG,1,8,5,9,8,5,3,54000,60,0
C0510,Arjun,28,Female,Australia,Sydney,Diploma,7,8,9,6,6,0,1,102000,15,0
C0511,Emily,25,Female,UK,London,Diploma,9,9,6,5,6,5,2,120000,60,0
C0512,Rahul,31,Male,Australia,Melbourne,Diploma,8,9,6,6,8,0,1,112000,60,0
C0513,Meera,23,Female,UK,Manchester,Diploma,0,8,7,7,6,1,1,46000,45,0
C0514,Priya,35,Female,USA,New York,Diploma,1,8,6,6,7,2,5,54000,15,0
C0515,Emily,24,Female,Australia,Sydney,Diploma,5,8,7,5,8,3,3,86000,60,0
C0516,David,30,Male,India,Punjab,UG,2,6,9,6,7,5,3,58000,90,0
C0517,Karan,22,Female,Canada,Quebec,UG,8,5,5,7,8,2,4,104000,60,0
C0518,Sara,35,Male,UK,London,UG,3,5,7,6,5,1,5,64000,90,0
C0519,John,33,Female,UK,Manchester,Diploma,5,7,9,7,8,1,1,84000,60,0
C0520,Anjali,23,Male,USA,Texas,Diploma,0,5,9,8,5,0,4,40000,15,0
C0521,Karan,26,Female,UK,London,UG,0,6,8,5,9,5,2,42000,15,0
C0522,Neha,23,Male,USA,New York,PG,5,5,6,6,7,5,2,80000,30,0
C0523,Emily,31,Male,UK,Manchester,PG,3,7,9,5,8,3,5,68000,45,0
C0524,Aman,29,Female,Australia,Sydney,Diploma,8,7,6,7,8,0,3,108000,90,0
C0525,Meera,27,Female,Canada,Quebec,PG,8,6,6,8,9,0,5,106000,30,0
C0526,Meera,33,Female,USA,Texas,Diploma,3,5,5,9,7,1,3,64000,15,0
C0527,Neha,22,Male,Canada,Quebec,PG,1,7,6,5,7,1,2,52000,15,0
C0528,John,30,Male,Canada,Quebec,Diploma,5,7,8,7,9,5,3,84000,90,0
C0529,Karan,33,Male,USA,Texas,PG,5,5,7,7,6,0,1,80000,60,0
C0530,Priya,26,Male,USA,California,Diploma,5,7,5,5,8,3,1,84000,60,0
C0531,Meera,30,Female,Canada,Quebec,PG,4,5,6,7,9,1,5,72000,15,0
C0532,Aman,35,Female,USA,Texas,PG,5,6,8,6,8,2,5,82000,15,0
C0533,David,26,Male,USA,Texas,PG,1,6,7,6,5,4,4,50000,30,0
C0534,Sara,34,Female,UK,London,PG,6,9,7,8,8,0,3,96000,90,0
C0535,Meera,21,Male,UK,London,PG,5,6,5,5,9,4,5,82000,45,0
C0536,Neha,23,Male,USA,New York,UG,9,8,9,6,7,4,4,118000,15,0
C0537,Aman,31,Male,Australia,Melbourne,PG,2,8,9,5,8,3,4,62000,45,0
C0538,Meera,28,Male,Canada,Quebec,UG,7,6,5,9,9,1,4,98000,45,0
C0539,Sara,30,Male,Canada,Ontario,Diploma,8,9,9,8,6,0,2,112000,60,0
C0540,David,33,Male,Canada,Ontario,PG,6,5,5,9,9,0,3,88000,15,0
C0541,Emily,34,Male,Canada,Ontario,Diploma,2,5,9,6,5,3,3,56000,60,0
C0542,Karan,35,Female,Australia,Sydney,UG,8,5,9,9,9,5,4,104000,15,1
C0543,Sara,22,Male,Australia,Melbourne,UG,6,9,5,9,6,4,4,96000,45,0
C0544,Meera,30,Male,Canada,Quebec,UG,5,5,5,7,6,2,2,80000,45,0
C0545,Aman,34,Male,Australia,Sydney,PG,2,8,6,5,6,3,3,62000,45,0
C0546,Karan,34,Male,UK,Manchester,UG,6,7,8,7,9,0,1,92000,45,0
C0547,John,22,Female,India,Maharashtra,PG,0,7,7,6,6,0,5,44000,30,0
C0548,Priya,21,Female,USA,California,PG,1,7,9,5,6,4,5,52000,60,0
C0549,Karan,30,Female,Canada,Quebec,UG,4,9,9,6,5,4,5,80000,45,0
C0550,Sara,34,Female,India,Delhi,UG,0,7,6,5,9,0,1,44000,30,0
C0551,Rahul,25,Female,Canada,Ontario,UG,0,7,5,7,9,2,5,44000,60,0
C0552,Anjali,29,Female,USA,Texas,PG,9,8,5,8,5,0,5,118000,15,0
C0553,David,27,Female,India,Karnataka,Diploma,5,5,7,8,7,5,1,80000,30,0
C0554,Neha,25,Female,USA,New York,PG,2,7,6,5,9,2,3,60000,30,0
C0555,Neha,35,Male,India,Haryana,Diploma,8,6,7,6,8,0,4,106000,15,0
C0556,Sara,33,Female,UK,Manchester,UG,3,5,5,9,6,1,5,64000,45,0
C0557,Priya,23,Female,Australia,Sydney,Diploma,5,8,9,7,6,4,3,86000,60,0
C0558,John,30,Male,USA,Texas,PG,2,7,8,7,8,3,3,60000,15,0
C0559,Sara,28,Female,UK,London,PG,1,5,5,8,8,1,5,48000,45,0
C0560,Meera,34,Female,USA,California,Diploma,8,8,5,6,6,4,5,110000,15,0
C0561,Arjun,32,Female,India,Maharashtra,PG,6,6,8,5,7,4,3,90000,90,0
C0562,Neha,27,Male,India,Haryana,Diploma,6,8,5,8,9,1,1,94000,90,0
C0563,Rahul,26,Male,UK,Manchester,PG,2,9,6,8,6,4,5,64000,60,0
C0564,Anjali,29,Male,Australia,Sydney,UG,9,8,6,9,9,2,3,118000,45,1
C0565,David,31,Male,Canada,Quebec,PG,7,9,7,6,8,1,4,104000,15,0
C0566,Emily,27,Male,Australia,Sydney,UG,0,6,6,6,8,2,2,42000,30,0
C0567,Priya,21,Female,Canada,Quebec,UG,1,5,5,7,7,5,5,48000,15,0
C0568,Anjali,27,Female,India,Punjab,PG,4,6,9,7,8,5,2,74000,90,0
C0569,Neha,21,Male,USA,California,UG,4,8,8,6,9,3,4,78000,15,0
C0570,Sara,32,Female,Australia,Melbourne,PG,7,5,9,9,9,2,5,96000,45,0
C0571,Arjun,22,Female,India,Haryana,PG,7,6,5,7,9,4,2,98000,15,0
C0572,Meera,31,Male,Australia,Melbourne,Diploma,7,7,5,9,7,3,4,100000,30,0
C0573,Priya,21,Male,Australia,Sydney,PG,9,7,9,7,7,4,5,116000,45,0
C0574,David,34,Female,India,Karnataka,UG,2,8,7,7,9,2,3,62000,90,0
C0575,Karan,23,Male,Australia,Melbourne,Diploma,4,7,6,5,8,2,2,76000,15,0
C0576,Arjun,24,Female,USA,Texas,Diploma,2,9,9,9,6,2,1,64000,45,1
C0577,Sara,24,Male,Canada,Quebec,Diploma,2,7,6,6,9,2,1,60000,45,0
C0578,Meera,23,Female,Canada,Quebec,UG,2,7,6,8,9,2,5,60000,60,0
C0579,Meera,26,Male,Canada,Quebec,PG,4,8,6,8,5,1,4,78000,15,0
C0580,Priya,28,Male,USA,California,PG,8,7,7,9,6,2,2,108000,30,0
C0581,Karan,35,Male,Canada,Ontario,UG,6,7,9,8,9,0,3,92000,90,0
C0582,Emily,35,Male,USA,New York,Diploma,8,5,6,7,5,3,1,104000,30,0
C0583,Arjun,24,Male,India,Delhi,Diploma,7,8,6,5,9,5,2,102000,45,0
C0584,Sara,34,Male,USA,California,UG,1,5,7,7,8,5,4,48000,15,0
C0585,Emily,25,Female,UK,Manchester,Diploma,5,7,8,6,9,4,2,84000,60,0
C0586,Arjun,26,Male,India,Delhi,PG,0,6,8,6,7,3,3,42000,30,0
C0587,Anjali,27,Female,Canada,Ontario,PG,3,9,6,5,8,3,3,72000,30,0
C0588,Anjali,25,Male,USA,New York,UG,7,7,9,5,7,2,4,100000,15,0
C0589,Karan,27,Female,UK,London,UG,9,5,5,9,8,3,5,112000,30,0
C0590,Anjali,22,Male,India,Tamil Nadu,PG,0,5,6,9,7,5,3,40000,60,0
C0591,Sara,26,Female,Australia,Melbourne,PG,1,8,6,6,7,3,2,54000,60,0
C0592,Meera,34,Male,Australia,Sydney,PG,7,6,8,9,8,2,5,98000,45,0
C0593,David,21,Female,Australia,Sydney,PG,8,8,7,9,8,1,4,110000,45,1
C0594,John,35,Male,UK,Manchester,PG,3,9,9,8,9,1,4,72000,90,1
C0595,John,28,Female,Canada,Ontario,PG,1,6,7,8,9,5,2,50000,45,0
C0596,Rahul,29,Female,Canada,Ontario,UG,7,7,8,8,5,0,2,100000,90,0
C0597,David,29,Male,Canada,Ontario,Diploma,6,6,9,6,5,5,5,90000,90,0
C0598,Priya,29,Female,Canada,Ontario,Diploma,1,7,8,5,6,4,1,52000,60,0
C0599,John,29,Male,UK,London,UG,7,8,6,7,9,1,5,102000,60,0
C0600,Anjali,31,Female,Australia,Sydney,UG,5,7,8,5,7,1,4,84000,60,0
C0601,Aman,33,Male,UK,London,Diploma,8,9,9,5,5,4,3,112000,45,0
C0602,John,31,Female,Australia,Melbourne,PG,8,8,6,8,8,0,5,110000,15,0
C0603,Rahul,26,Male,Canada,Ontario,UG,5,8,9,7,8,2,5,86000,60,0
C0604,Emily,32,Female,India,Haryana,Diploma,1,9,5,7,6,2,3,56000,90,0
C0605,Neha,35,Male,UK,Manchester,Diploma,0,7,9,9,8,0,1,44000,90,0
C0606,Anjali,22,Male,USA,California,PG,4,6,8,8,9,4,2,74000,15,0
C0607,Anjali,21,Female,USA,New York,PG,0,8,8,9,5,5,4,46000,90,0
C0608,Aman,27,Male,Australia,Sydney,Diploma,0,9,5,6,6,2,5,48000,30,0
C0609,Emily,32,Male,USA,Texas,Diploma,7,7,6,7,9,4,1,100000,90,0
C0610,Meera,22,Male,Australia,Sydney,Diploma,8,9,6,6,5,5,5,112000,60,0
C0611,Neha,24,Male,India,Karnataka,UG,1,9,7,9,9,0,3,56000,60,0
C0612,Neha,29,Male,India,Karnataka,Diploma,8,8,6,8,9,3,1,110000,15,0
C0613,John,29,Female,USA,New York,UG,3,5,5,8,7,2,2,64000,45,0
C0614,Neha,21,Male,UK,Manchester,PG,0,9,5,5,7,5,4,48000,45,0
C0615,Aman,30,Female,Australia,Melbourne,PG,7,6,7,7,7,0,1,98000,90,0
C0616,Aman,21,Male,UK,Manchester,Diploma,4,9,6,9,9,2,1,80000,45,1
C0617,Meera,35,Female,India,Karnataka,UG,2,7,7,5,9,2,2,60000,45,0
C0618,Meera,28,Female,USA,New York,UG,7,7,8,7,5,5,3,100000,90,0
C0619,David,26,Female,USA,Texas,PG,5,8,6,9,7,3,4,86000,15,0
C0620,Rahul,30,Male,Canada,Quebec,UG,9,5,7,8,6,4,4,112000,30,0
C0621,Rahul,23,Female,UK,London,UG,0,5,8,8,7,1,4,40000,45,0
C0622,John,35,Female,Australia,Sydney,UG,7,7,8,5,6,1,1,100000,15,0
C0623,Sara,35,Male,India,Maharashtra,UG,7,6,8,8,7,0,4,98000,15,0
C0624,John,29,Male,USA,California,Diploma,7,9,5,6,7,1,2,104000,15,0
C0625,David,30,Female,India,Tamil Nadu,PG,9,8,6,7,7,4,3,118000,90,0
C0626,Neha,35,Male,Canada,Ontario,Diploma,0,7,8,5,9,3,2,44000,60,0
C0627,Neha,22,Female,USA,Texas,Diploma,1,6,8,8,8,0,1,50000,90,0
C0628,Aman,26,Male,UK,London,UG,2,6,9,5,8,0,4,58000,90,0
C0629,Arjun,34,Male,India,Delhi,UG,4,9,5,8,9,1,2,80000,30,0
C0630,Priya,31,Male,Australia,Melbourne,UG,3,5,9,5,6,4,1,64000,90,0
C0631,Karan,26,Male,UK,London,UG,6,8,7,6,9,3,3,94000,30,0
C0632,Rahul,28,Female,Australia,Melbourne,Diploma,7,7,6,6,5,3,1,100000,45,0
C0633,Emily,27,Male,UK,Manchester,PG,6,7,9,9,6,4,5,92000,60,0
C0634,Anjali,22,Female,India,Tamil Nadu,Diploma,4,7,9,9,9,0,3,76000,60,1
C0635,Arjun,27,Male,USA,Texas,Diploma,0,8,7,7,8,3,4,46000,30,0
C0636,John,30,Male,UK,Manchester,PG,9,9,7,9,9,5,4,120000,15,1
C0637,Rahul,21,Male,India,Tamil Nadu,UG,8,6,9,6,8,0,4,106000,45,0
C0638,Karan,25,Male,Australia,Sydney,UG,6,9,5,5,5,1,2,96000,15,0
C0639,Rahul,33,Male,Canada,Ontario,UG,0,7,9,5,5,5,2,44000,45,0
C0640,John,31,Female,Canada,Quebec,PG,0,5,9,7,9,5,5,40000,90,0
C0641,John,21,Female,USA,Texas,UG,0,9,7,8,9,5,2,48000,90,0
C0642,Arjun,26,Male,USA,New York,Diploma,6,5,6,6,9,1,4,88000,30,0
C0643,Emily,34,Male,Australia,Melbourne,Diploma,5,7,6,6,8,0,1,84000,90,0
C0644,Sara,23,Male,Australia,Sydney,Diploma,6,8,7,7,8,2,1,94000,90,0
C0645,John,33,Male,India,Karnataka,UG,2,8,8,7,6,3,5,62000,15,0
C0646,David,26,Female,Canada,Ontario,UG,0,7,6,5,7,3,5,44000,60,0
C0647,Anjali,33,Male,UK,Manchester,Diploma,9,9,8,7,8,5,4,120000,15,1
C0648,Meera,35,Male,UK,London,UG,9,8,9,6,7,5,3,118000,45,0
C0649,Anjali,29,Male,Australia,Melbourne,PG,8,9,6,8,7,1,5,112000,15,0
C0650,Arjun,27,Male,UK,Manchester,UG,2,6,6,6,9,4,5,58000,45,0
C0651,Rahul,24,Female,USA,Texas,Diploma,1,7,9,9,6,4,4,52000,60,0
C0652,Priya,24,Female,India,Delhi,PG,6,6,6,6,5,4,2,90000,60,0
C0653,Priya,24,Female,UK,London,Diploma,5,7,7,6,7,2,1,84000,60,0
C0654,Rahul,26,Female,USA,New York,UG,3,5,5,7,9,5,3,64000,45,0
C0655,John,29,Male,Canada,Quebec,UG,0,8,7,9,7,1,3,46000,45,0
C0656,Karan,27,Male,UK,Manchester,UG,6,5,6,5,7,0,1,88000,15,0
C0657,Aman,32,Male,India,Delhi,UG,9,7,9,9,8,5,1,116000,45,1
C0658,Meera,34,Female,India,Gujarat,Diploma,1,9,5,6,6,0,2,56000,15,0
C0659,Arjun,23,Female,UK,Manchester,PG,6,5,5,7,8,1,2,88000,15,0
C0660,Meera,30,Female,USA,California,Diploma,4,9,9,5,6,3,1,80000,15,0
C0661,John,25,Female,UK,London,PG,1,7,7,5,7,1,3,52000,30,0
C0662,Rahul,33,Female,India,Maharashtra,UG,9,5,8,7,6,3,4,112000,30,0
C0663,Rahul,32,Male,USA,California,PG,3,6,6,7,7,2,4,66000,45,0
C0664,Anjali,24,Male,Australia,Melbourne,Diploma,0,9,5,8,9,4,2,48000,60,0
C0665,Meera,32,Female,Australia,Melbourne,PG,5,9,8,9,6,4,4,88000,15,1
C0666,Anjali,30,Male,Australia,Melbourne,PG,4,9,7,8,8,2,5,80000,45,1
C0667,Arjun,26,Female,UK,London,Diploma,4,9,7,8,9,3,1,80000,45,1
C0668,John,23,Female,India,Delhi,Diploma,3,6,6,9,8,5,5,66000,60,0
C0669,David,24,Female,Canada,Ontario,UG,6,6,9,7,9,3,4,90000,90,0
C0670,David,29,Female,India,Haryana,Diploma,3,5,7,7,8,0,4,64000,60,0
C0671,Arjun,25,Male,UK,Manchester,Diploma,3,6,6,9,8,5,3,66000,90,0
C0672,David,30,Female,USA,Texas,Diploma,5,6,8,9,8,1,5,82000,60,0
C0673,Aman,29,Male,USA,Texas,UG,8,6,8,7,6,5,3,106000,60,0
C0674,Emily,30,Male,UK,Manchester,Diploma,4,9,7,9,6,2,4,80000,15,0
C0675,Rahul,31,Female,UK,London,Diploma,1,6,8,5,9,2,1,50000,60,0
C0676,Neha,21,Male,UK,Manchester,UG,6,9,8,6,6,3,1,96000,45,0
C0677,Emily,32,Male,Australia,Melbourne,Diploma,0,8,9,6,6,1,4,46000,30,0
C0678,Emily,23,Female,USA,California,UG,2,6,7,6,7,2,5,58000,30,0
C0679,Karan,32,Male,USA,Texas,PG,2,6,7,5,6,0,2,58000,45,0
C0680,David,30,Male,Australia,Melbourne,UG,5,8,8,5,9,1,4,86000,15,0
C0681,Rahul,26,Female,Australia,Melbourne,PG,7,5,9,5,6,4,5,96000,15,0
C0682,Anjali,30,Male,Canada,Quebec,Diploma,8,8,6,7,7,0,2,110000,30,0
C0683,Karan,30,Male,India,Maharashtra,UG,8,6,8,5,8,1,1,106000,90,0
C0684,Sara,32,Male,Canada,Quebec,UG,8,6,8,8,6,0,3,106000,60,0
C0685,Emily,25,Male,USA,New York,PG,3,7,6,5,6,4,4,68000,45,0
C0686,Sara,30,Male,Australia,Sydney,UG,3,9,9,6,9,1,2,72000,90,0
C0687,Emily,21,Female,USA,Texas,PG,5,8,9,8,9,3,1,86000,30,1
C0688,John,25,Male,Australia,Sydney,UG,3,8,6,7,9,2,3,70000,90,0
C0689,Anjali,27,Male,India,Delhi,UG,3,9,7,8,5,4,5,72000,30,0
C0690,Sara,24,Male,USA,California,Diploma,0,5,8,6,9,4,3,40000,15,0
C0691,Rahul,32,Male,Australia,Sydney,UG,6,7,7,5,9,2,1,92000,15,0
C0692,Emily,33,Female,India,Gujarat,UG,2,9,7,8,7,4,1,64000,60,0
C0693,David,29,Male,UK,London,Diploma,5,5,6,9,9,3,3,80000,90,0
C0694,Arjun,33,Female,Canada,Quebec,UG,7,5,8,8,7,5,3,96000,30,0
C0695,Neha,25,Female,India,Punjab,PG,5,6,7,8,7,0,2,82000,60,0
C0696,Emily,23,Male,Australia,Melbourne,UG,0,5,6,9,8,5,5,40000,60,0
C0697,Neha,32,Male,UK,Manchester,Diploma,0,7,8,7,9,2,4,44000,30,0
C0698,Rahul,26,Male,UK,Manchester,PG,3,9,8,5,8,2,3,72000,45,0
C0699,Sara,23,Male,Australia,Sydney,UG,8,8,8,9,9,5,3,110000,30,1
C0700,Emily,33,Male,UK,Manchester,UG,7,8,6,6,7,1,3,102000,60,0
C0701,Sara,30,Female,India,Gujarat,PG,8,8,7,7,8,5,3,110000,90,0
C0702,John,26,Male,UK,Manchester,UG,9,7,7,6,7,2,4,116000,45,0
C0703,Priya,26,Male,Canada,Ontario,UG,0,6,8,5,7,2,4,42000,15,0
C0704,David,26,Female,Australia,Melbourne,UG,7,7,9,8,5,3,2,100000,45,0
C0705,Sara,33,Female,UK,London,Diploma,2,9,9,9,5,4,1,64000,30,1
C0706,John,31,Female,Australia,Melbourne,PG,5,5,8,8,7,0,2,80000,15,0
C0707,Arjun,30,Male,India,Karnataka,Diploma,5,5,9,6,8,2,1,80000,45,0
C0708,Sara,34,Female,UK,London,PG,8,9,7,5,8,5,3,112000,90,0
C0709,Rahul,23,Female,USA,New York,Diploma,0,7,8,9,9,5,1,44000,45,0
C0710,Emily,30,Female,USA,California,Diploma,5,6,7,9,8,1,1,82000,15,0
C0711,David,29,Male,USA,New York,PG,6,5,6,5,5,1,2,88000,15,0
C0712,Neha,32,Male,UK,Manchester,UG,6,9,6,7,8,0,1,96000,45,0
C0713,Arjun,26,Male,Australia,Melbourne,PG,4,8,6,8,5,3,3,78000,90,0
C0714,Karan,28,Female,Canada,Quebec,PG,9,8,5,6,5,4,3,118000,60,0
C0715,John,31,Male,India,Karnataka,UG,7,7,8,6,8,2,3,100000,90,0
C0716,Emily,31,Female,Australia,Sydney,PG,8,6,8,8,9,2,3,106000,15,0
C0717,Sara,22,Male,Canada,Quebec,Diploma,3,9,5,6,5,3,3,72000,90,0
C0718,Meera,30,Female,UK,Manchester,Diploma,3,6,6,9,9,0,2,66000,45,0
C0719,Sara,35,Male,Australia,Sydney,UG,6,6,9,8,7,4,2,90000,60,0
C0720,Emily,26,Female,India,Maharashtra,Diploma,4,5,6,5,6,4,4,72000,15,0
C0721,Rahul,34,Male,Canada,Ontario,Diploma,6,5,9,8,9,0,3,88000,15,0
C0722,Sara,23,Female,Canada,Ontario,Diploma,4,6,8,9,8,5,2,74000,90,0
C0723,Anjali,32,Male,USA,Texas,PG,6,7,6,8,9,1,1,92000,45,0
C0724,Emily,22,Female,India,Maharashtra,PG,9,7,8,7,6,3,1,116000,60,0
C0725,Rahul,27,Female,USA,New York,UG,7,6,8,6,5,0,5,98000,15,0
C0726,Aman,33,Female,Canada,Quebec,UG,6,8,8,7,5,0,2,94000,30,0
C0727,John,31,Female,Canada,Ontario,UG,5,9,9,6,9,2,2,88000,30,0
C0728,John,32,Male,Australia,Sydney,PG,6,6,9,7,7,2,2,90000,15,0
C0729,Aman,24,Male,Canada,Ontario,Diploma,2,8,9,9,7,2,2,62000,30,1
C0730,Rahul,29,Male,UK,London,PG,3,7,9,7,9,4,3,68000,30,0
C0731,Aman,21,Male,India,Haryana,Diploma,4,5,6,5,5,4,4,72000,90,0
C0732,Emily,21,Male,UK,Manchester,UG,9,7,5,5,6,3,1,116000,60,0
C0733,Meera,31,Male,India,Maharashtra,UG,9,5,8,5,7,5,5,112000,30,0
C0734,David,32,Male,Australia,Melbourne,Diploma,8,6,9,7,8,1,3,106000,15,0
C0735,Rahul,21,Female,Canada,Quebec,UG,8,8,7,7,5,3,4,110000,90,0
C0736,Rahul,33,Male,USA,Texas,Diploma,3,5,6,7,6,5,5,64000,60,0
C0737,Aman,27,Female,India,Karnataka,UG,4,5,8,6,6,1,2,72000,60,0
C0738,Priya,23,Female,India,Delhi,PG,1,8,9,6,5,2,3,54000,60,0
C0739,Emily,23,Male,India,Gujarat,Diploma,6,9,6,9,8,0,1,96000,60,0
C0740,Emily,31,Female,USA,Texas,Diploma,6,7,6,8,8,3,4,92000,60,0
C0741,Emily,25,Male,Canada,Ontario,UG,0,7,8,7,8,4,1,44000,90,0
C0742,Sara,26,Male,Australia,Melbourne,PG,9,7,6,7,9,5,4,116000,15,0
C0743,Sara,27,Female,USA,Texas,PG,5,8,7,8,9,5,4,86000,15,1
C0744,Anjali,26,Female,USA,California,UG,6,9,6,9,5,0,1,96000,45,0
C0745,Priya,27,Male,Australia,Sydney,UG,6,7,7,7,9,2,2,92000,30,0
C0746,Rahul,28,Male,India,Maharashtra,PG,0,9,5,7,9,3,2,48000,90,0
C0747,Meera,29,Male,Canada,Ontario,Diploma,2,7,6,6,8,2,3,60000,60,0
C0748,Rahul,21,Female,USA,Texas,PG,4,9,5,9,6,4,5,80000,60,0
C0749,Anjali,29,Male,India,Haryana,Diploma,6,8,9,9,8,0,4,94000,90,1
C0750,Neha,29,Male,India,Gujarat,PG,1,5,6,6,5,5,3,48000,30,0
C0751,Neha,21,Male,India,Karnataka,PG,5,9,7,6,7,4,3,88000,45,0
C0752,Karan,23,Female,Australia,Sydney,PG,7,7,6,5,8,4,5,100000,30,0
C0753,Priya,22,Female,UK,Manchester,UG,0,8,5,9,5,3,3,46000,30,0
C0754,Anjali,29,Female,USA,California,UG,8,6,9,7,7,0,3,106000,60,0
C0755,Rahul,22,Male,Canada,Ontario,UG,0,6,7,5,6,3,2,42000,15,0
C0756,Neha,31,Female,Australia,Melbourne,Diploma,8,9,9,9,6,5,1,112000,15,1
C0757,Anjali,28,Female,Canada,Quebec,UG,6,6,6,5,8,1,4,90000,90,0
C0758,Priya,30,Female,UK,Manchester,UG,3,9,5,8,5,4,1,72000,60,0
C0759,Emily,24,Female,Canada,Quebec,PG,3,5,7,5,8,4,5,64000,30,0
C0760,Aman,30,Female,Canada,Ontario,PG,1,6,9,9,8,1,5,50000,90,0
C0761,John,33,Female,UK,London,PG,8,7,5,9,7,2,5,108000,45,0
C0762,Karan,32,Female,USA,California,Diploma,9,9,8,9,8,4,2,120000,45,1
C0763,John,34,Female,USA,California,PG,7,5,8,6,8,4,5,96000,60,0
C0764,Karan,27,Female,Australia,Melbourne,UG,9,7,9,5,6,3,4,116000,30,0
C0765,Neha,30,Male,USA,Texas,Diploma,0,9,6,5,9,1,4,48000,60,0
C0766,David,25,Male,Canada,Quebec,UG,6,7,6,7,6,2,4,92000,90,0
C0767,Anjali,32,Male,Canada,Ontario,UG,2,7,8,7,5,3,1,60000,60,0
C0768,Rahul,21,Male,Australia,Sydney,UG,6,7,5,7,8,5,3,92000,45,0
C0769,Sara,21,Female,Australia,Sydney,Diploma,8,7,6,8,8,2,2,108000,90,0
C0770,Aman,27,Female,Canada,Quebec,UG,6,7,6,6,8,0,2,92000,30,0
C0771,John,34,Female,Canada,Ontario,PG,5,9,5,5,7,1,3,88000,30,0
C0772,Emily,30,Female,Canada,Quebec,UG,1,8,7,7,9,5,3,54000,90,0
C0773,Priya,21,Male,UK,Manchester,UG,4,7,7,8,7,0,5,76000,30,0
C0774,David,28,Male,USA,California,PG,7,8,7,7,7,5,5,102000,30,0
C0775,Meera,31,Male,Canada,Quebec,PG,6,7,5,7,8,0,3,92000,60,0
C0776,Neha,31,Male,India,Gujarat,UG,9,9,5,6,8,4,1,120000,90,0
C0777,Arjun,24,Female,UK,Manchester,Diploma,0,7,9,7,8,5,3,44000,45,0
C0778,Karan,35,Male,India,Maharashtra,PG,0,8,8,6,6,5,2,46000,45,0
C0779,Arjun,29,Female,India,Karnataka,UG,5,7,6,8,7,5,5,84000,45,0
C0780,Sara,34,Male,UK,London,UG,1,9,8,5,9,0,2,56000,60,0
C0781,John,26,Female,India,Tamil Nadu,UG,8,9,6,6,9,4,1,112000,30,0
C0782,Meera,28,Male,India,Maharashtra,UG,7,7,6,5,9,5,1,100000,60,0
C0783,Sara,30,Female,USA,New York,UG,3,9,9,9,7,4,2,72000,90,1
C0784,David,27,Female,India,Delhi,Diploma,0,7,5,6,6,3,5,44000,60,0
C0785,Meera,29,Female,Canada,Quebec,UG,1,5,5,9,9,3,3,48000,60,0
C0786,Neha,31,Male,Canada,Ontario,Diploma,4,5,9,6,5,1,1,72000,60,0
C0787,Sara,35,Male,UK,Manchester,UG,3,6,9,7,5,1,1,66000,15,0
C0788,Aman,31,Male,India,Gujarat,PG,0,5,8,8,9,1,3,40000,30,0
C0789,Arjun,27,Male,India,Haryana,UG,0,8,6,5,8,3,2,46000,15,0
C0790,Sara,21,Male,Canada,Ontario,PG,1,6,5,9,6,5,5,50000,45,0
C0791,Neha,34,Male,UK,London,PG,4,7,9,6,5,1,3,76000,60,0
C0792,Rahul,27,Female,UK,London,UG,9,6,6,8,7,1,2,114000,30,0
C0793,Anjali,31,Female,Canada,Quebec,Diploma,7,6,5,8,5,3,2,98000,60,0
C0794,Arjun,28,Female,USA,New York,Diploma,4,6,5,7,8,1,3,74000,30,0
C0795,Priya,26,Male,USA,Texas,PG,2,8,7,5,5,0,3,62000,45,0
C0796,Meera,23,Female,UK,Manchester,PG,8,8,7,9,7,3,5,110000,30,1
C0797,Sara,26,Male,Australia,Melbourne,Diploma,8,6,6,5,6,1,1,106000,60,0
C0798,Karan,23,Male,Australia,Sydney,UG,6,5,7,7,5,3,2,88000,15,0
C0799,Arjun,21,Male,UK,London,PG,1,9,5,8,9,4,5,56000,30,0
C0800,Arjun,33,Male,India,Karnataka,PG,2,5,7,9,9,3,3,56000,45,0
C0801,Sara,21,Male,India,Haryana,UG,5,6,8,5,8,1,3,82000,45,0
C0802,Priya,24,Female,USA,California,UG,8,7,8,9,8,1,5,108000,30,1
C0803,Neha,25,Female,Australia,Sydney,UG,6,7,6,6,6,4,1,92000,90,0
C0804,Priya,22,Male,Canada,Quebec,Diploma,5,5,8,5,9,1,3,80000,90,0
C0805,Emily,30,Male,USA,New York,PG,5,9,5,6,9,3,3,88000,45,0
C0806,Priya,22,Female,USA,New York,PG,0,8,9,7,5,4,5,46000,15,0
C0807,Anjali,27,Female,Canada,Quebec,Diploma,6,6,5,9,6,2,3,90000,30,0
C0808,Karan,31,Female,USA,New York,UG,1,5,5,5,7,1,2,48000,15,0
C0809,David,27,Female,USA,Texas,UG,6,5,5,9,8,5,2,88000,30,0
C0810,Emily,30,Female,Canada,Ontario,Diploma,9,6,8,9,8,0,1,114000,45,0
C0811,Arjun,32,Female,Australia,Sydney,Diploma,2,6,7,8,5,5,3,58000,60,0
C0812,Anjali,27,Male,Canada,Ontario,PG,0,7,6,6,6,3,2,44000,45,0
C0813,Emily,25,Male,Australia,Sydney,Diploma,8,8,6,5,7,1,1,110000,15,0
C0814,John,22,Female,Canada,Quebec,UG,4,5,9,5,5,4,1,72000,15,0
C0815,Neha,22,Female,India,Maharashtra,Diploma,8,8,5,8,5,0,5,110000,45,0
C0816,Sara,28,Female,Australia,Melbourne,UG,7,6,7,9,9,1,5,98000,30,0
C0817,Priya,33,Male,UK,Manchester,PG,9,9,5,6,6,3,5,120000,45,0
C0818,Sara,31,Male,USA,California,PG,1,5,5,5,9,3,2,48000,90,0
C0819,Neha,25,Male,India,Punjab,Diploma,3,7,8,5,9,2,4,68000,15,0
C0820,Priya,30,Male,Australia,Sydney,Diploma,6,7,6,8,6,0,2,92000,45,0
C0821,Neha,23,Female,Australia,Sydney,UG,0,6,9,7,6,0,2,42000,30,0
C0822,Neha,21,Male,USA,California,Diploma,0,8,5,8,5,2,3,46000,45,0
C0823,Karan,28,Female,Canada,Quebec,Diploma,6,6,7,8,8,4,4,90000,60,0
C0824,Karan,28,Male,Canada,Quebec,PG,5,5,5,5,6,5,2,80000,90,0
C0825,Rahul,34,Male,UK,Manchester,Diploma,6,8,8,5,7,1,2,94000,60,0
C0826,Sara,24,Male,Australia,Melbourne,Diploma,6,5,6,5,9,3,3,88000,45,0
C0827,Karan,34,Male,USA,Texas,PG,3,9,6,7,6,5,4,72000,30,0
C0828,Anjali,32,Male,Canada,Quebec,PG,0,8,6,8,5,4,2,46000,30,0
C0829,Karan,27,Female,Australia,Sydney,Diploma,9,9,8,8,6,1,1,120000,30,0
C0830,Rahul,34,Female,India,Karnataka,PG,6,5,8,6,8,3,3,88000,90,0
C0831,Aman,33,Female,USA,California,UG,2,8,6,8,7,1,4,62000,15,0
C0832,Rahul,26,Female,UK,Manchester,PG,5,9,8,6,8,3,3,88000,45,0
C0833,Sara,25,Male,UK,Manchester,Diploma,4,7,7,8,7,4,3,76000,45,0
C0834,Rahul,27,Male,Canada,Ontario,UG,6,7,9,7,7,1,5,92000,60,0
C0835,Karan,30,Female,Australia,Sydney,Diploma,4,9,5,7,9,5,1,80000,30,0
C0836,Neha,27,Female,UK,Manchester,UG,4,9,5,7,6,4,3,80000,90,0
C0837,John,30,Male,USA,California,Diploma,6,6,8,8,6,0,2,90000,90,0
C0838,Karan,30,Male,Canada,Quebec,PG,0,5,7,7,5,3,4,40000,45,0
C0839,Aman,23,Male,India,Haryana,PG,1,6,9,5,8,1,5,50000,90,0
C0840,Priya,23,Female,India,Punjab,PG,1,8,5,6,6,5,5,54000,90,0
C0841,Anjali,25,Male,Canada,Ontario,Diploma,8,8,5,6,6,2,4,110000,15,0
C0842,John,32,Male,Canada,Ontario,Diploma,3,6,9,8,8,4,2,66000,30,0
C0843,Priya,28,Male,UK,Manchester,PG,5,6,9,9,8,1,4,82000,15,0
C0844,Aman,30,Male,India,Haryana,UG,6,5,5,6,9,3,4,88000,45,0
C0845,Sara,30,Female,Australia,Melbourne,UG,6,6,5,7,6,5,3,90000,30,0
C0846,David,28,Female,UK,Manchester,PG,7,9,9,5,5,2,2,104000,15,0
C0847,Arjun,24,Female,Canada,Ontario,PG,8,8,8,6,7,1,1,110000,30,0
C0848,Sara,24,Male,India,Karnataka,PG,9,6,6,5,7,1,1,114000,15,0
C0849,Arjun,25,Male,Canada,Ontario,UG,7,9,5,9,6,1,1,104000,90,0
C0850,Priya,34,Male,UK,London,PG,1,8,7,7,6,4,2,54000,15,0
C0851,Karan,31,Male,Australia,Melbourne,PG,7,9,8,9,6,3,1,104000,60,1
C0852,Aman,24,Female,Australia,Sydney,Diploma,1,6,6,8,5,4,1,50000,45,0
C0853,Karan,26,Female,USA,California,UG,9,7,6,9,7,1,3,116000,90,0
C0854,Priya,25,Male,Canada,Quebec,UG,0,8,6,9,5,1,1,46000,15,0
C0855,Karan,30,Male,Canada,Ontario,UG,9,9,7,9,7,1,3,120000,15,1
C0856,David,33,Female,India,Maharashtra,Diploma,9,8,6,7,8,3,2,118000,15,0
C0857,Priya,27,Female,India,Maharashtra,Diploma,4,8,6,9,6,1,4,78000,15,0
C0858,Neha,30,Male,Australia,Melbourne,UG,7,8,5,9,9,4,3,102000,30,1
C0859,John,23,Male,UK,London,UG,3,9,5,9,6,1,4,72000,90,0
C0860,Rahul,33,Female,UK,London,PG,3,9,5,8,7,3,2,72000,45,0
C0861,Arjun,27,Female,USA,New York,Diploma,4,9,9,9,9,0,3,80000,30,1
C0862,Emily,29,Male,Australia,Sydney,Diploma,7,9,7,9,8,4,2,104000,45,1
C0863,Emily,26,Male,Australia,Melbourne,Diploma,9,9,5,8,5,3,5,120000,30,0
C0864,David,33,Male,USA,Texas,UG,3,8,7,9,6,5,2,70000,30,0
C0865,Anjali,25,Male,UK,Manchester,UG,6,6,9,6,7,1,4,90000,30,0
C0866,David,35,Female,USA,New York,UG,0,5,9,7,6,2,1,40000,90,0
C0867,John,26,Female,UK,Manchester,UG,5,9,9,7,7,1,4,88000,60,0
C0868,Emily,25,Female,India,Maharashtra,Diploma,3,6,8,5,8,1,4,66000,15,0
C0869,David,34,Female,USA,California,PG,2,5,9,9,6,2,3,56000,60,0
C0870,Rahul,22,Female,USA,Texas,Diploma,8,6,5,8,9,0,5,106000,30,0
C0871,Rahul,27,Male,UK,Manchester,UG,9,8,8,9,6,1,1,118000,15,0
C0872,Arjun,26,Male,Australia,Melbourne,PG,9,5,7,7,7,5,2,112000,15,0
C0873,Priya,24,Male,Canada,Quebec,UG,6,6,5,8,5,2,1,90000,45,0
C0874,Sara,32,Female,UK,Manchester,PG,6,6,5,7,7,1,1,90000,30,0
C0875,Meera,34,Female,Canada,Quebec,Diploma,9,5,9,7,8,5,4,112000,90,0
C0876,Karan,21,Female,Canada,Quebec,Diploma,3,7,5,6,5,1,4,68000,90,0
C0877,Sara,24,Male,Australia,Sydney,Diploma,6,9,8,8,6,5,5,96000,90,1
C0878,John,33,Male,UK,London,Diploma,6,8,9,9,5,1,5,94000,45,0
C0879,Emily,23,Female,Canada,Quebec,Diploma,2,9,6,8,8,3,4,64000,60,1
C0880,David,22,Male,Australia,Melbourne,Diploma,6,5,8,9,8,2,2,88000,60,0
C0881,Rahul,30,Female,Canada,Quebec,PG,4,6,6,5,9,4,2,74000,60,0
C0882,Rahul,21,Male,Canada,Quebec,PG,9,7,8,7,9,0,4,116000,15,0
C0883,Meera,30,Male,India,Gujarat,UG,6,9,9,5,5,0,5,96000,30,0
C0884,Priya,21,Female,UK,London,UG,8,8,9,7,7,3,2,110000,90,0
C0885,Neha,32,Male,UK,Manchester,PG,7,5,9,7,5,3,2,96000,15,0
C0886,Sara,35,Female,USA,Texas,Diploma,9,5,5,6,7,4,4,112000,60,0
C0887,Aman,22,Female,Canada,Ontario,Diploma,7,8,8,5,8,4,5,102000,30,0
C0888,David,23,Female,Australia,Sydney,UG,5,5,9,7,5,0,5,80000,15,0
C0889,Arjun,26,Female,India,Punjab,Diploma,9,9,7,5,7,0,5,120000,60,0
C0890,Rahul,28,Male,Australia,Sydney,Diploma,6,8,8,8,9,1,5,94000,30,1
C0891,Sara,33,Male,UK,London,Diploma,6,7,9,9,5,0,1,92000,45,0
C0892,Aman,29,Female,USA,New York,Diploma,1,7,7,6,6,2,4,52000,15,0
C0893,Arjun,27,Male,Canada,Ontario,UG,0,7,6,8,7,0,5,44000,60,0
C0894,Sara,26,Female,India,Maharashtra,PG,1,9,7,5,8,4,4,56000,90,0
C0895,Anjali,23,Male,Australia,Sydney,PG,8,9,8,8,9,0,4,112000,60,1
C0896,David,22,Female,India,Maharashtra,PG,7,9,6,6,5,2,4,104000,45,0
C0897,Emily,35,Female,India,Maharashtra,UG,0,7,7,5,5,3,1,44000,90,0
C0898,Rahul,32,Female,Australia,Sydney,PG,7,8,9,7,7,2,5,102000,45,0
C0899,David,35,Female,Australia,Sydney,Diploma,3,5,9,5,9,0,2,64000,45,0
C0900,Emily,27,Male,UK,Manchester,UG,6,8,6,7,8,1,3,94000,15,0
C0901,Priya,32,Male,India,Haryana,Diploma,0,9,6,8,6,3,2,48000,45,0
C0902,Karan,23,Female,UK,Manchester,PG,5,7,5,7,5,5,3,84000,45,0
C0903,Anjali,32,Female,India,Gujarat,Diploma,1,9,8,8,8,0,4,56000,30,0
C0904,Aman,27,Female,Canada,Quebec,Diploma,1,7,8,9,8,0,1,52000,30,0
C0905,Sara,26,Male,UK,Manchester,PG,8,8,6,9,8,1,2,110000,15,0
C0906,Priya,24,Male,UK,Manchester,UG,6,6,6,6,8,1,1,90000,60,0
C0907,Neha,26,Female,USA,California,PG,6,5,7,8,7,1,2,88000,90,0
C0908,Sara,23,Female,UK,London,Diploma,9,7,6,8,6,4,2,116000,60,0
C0909,Priya,21,Female,Canada,Ontario,PG,2,6,7,7,9,3,5,58000,15,0
C0910,Priya,26,Male,USA,New York,UG,6,9,6,8,6,0,4,96000,60,0
C0911,David,25,Female,Canada,Ontario,UG,2,9,6,5,7,4,3,64000,30,0
C0912,Rahul,25,Female,Australia,Melbourne,UG,7,8,7,7,7,3,1,102000,90,0
C0913,Neha,31,Female,USA,Texas,PG,7,7,8,5,9,3,5,100000,15,0
C0914,David,22,Male,Australia,Melbourne,PG,5,5,8,5,7,0,1,80000,90,0
C0915,Karan,31,Male,India,Karnataka,PG,8,9,8,6,8,3,3,112000,15,0
C0916,Priya,28,Male,India,Gujarat,Diploma,9,7,7,7,8,1,4,116000,90,0
C0917,Emily,32,Female,USA,California,Diploma,4,8,9,5,5,4,5,78000,60,0
C0918,Arjun,28,Male,Australia,Melbourne,PG,7,6,5,5,9,2,3,98000,90,0
C0919,David,22,Male,India,Maharashtra,Diploma,4,6,7,9,6,1,4,74000,45,0
C0920,Anjali,35,Female,India,Punjab,Diploma,2,7,9,9,6,5,1,60000,30,0
C0921,Arjun,33,Female,UK,Manchester,UG,3,5,6,6,5,3,1,64000,60,0
C0922,Neha,21,Male,UK,Manchester,PG,5,9,7,6,8,0,4,88000,30,0
C0923,Priya,35,Female,Canada,Quebec,UG,7,9,5,8,5,5,2,104000,30,0
C0924,Arjun,31,Male,India,Gujarat,Diploma,4,6,9,9,7,1,2,74000,60,0
C0925,Karan,29,Female,India,Maharashtra,Diploma,1,5,7,6,8,1,5,48000,60,0
C0926,Anjali,34,Female,Australia,Sydney,PG,4,8,9,9,8,4,3,78000,45,1
C0927,Priya,26,Female,UK,Manchester,UG,9,9,7,6,6,4,3,120000,15,0
C0928,John,33,Female,India,Punjab,Diploma,4,8,6,9,6,2,1,78000,60,0
C0929,John,28,Female,India,Karnataka,UG,5,9,6,7,8,5,3,88000,45,0
C0930,Anjali,25,Male,Canada,Ontario,PG,3,7,5,6,7,2,1,68000,60,0
C0931,Priya,21,Female,Canada,Quebec,Diploma,6,6,7,8,7,1,3,90000,90,0
C0932,Karan,23,Female,Canada,Quebec,PG,2,7,8,5,5,2,4,60000,45,0
C0933,Meera,29,Female,India,Punjab,Diploma,2,6,6,8,9,1,5,58000,90,0
C0934,Meera,24,Male,India,Karnataka,PG,1,6,8,9,6,1,4,50000,30,0
C0935,Sara,34,Female,UK,London,PG,5,9,5,5,7,1,5,88000,45,0
C0936,Sara,30,Male,USA,Texas,Diploma,9,9,9,9,6,5,4,120000,45,1
C0937,David,35,Male,Australia,Sydney,PG,7,9,7,5,9,2,4,104000,60,0
C0938,John,30,Female,Australia,Melbourne,PG,7,7,9,6,7,5,2,100000,30,0
C0939,John,28,Female,India,Maharashtra,UG,5,5,7,5,9,5,5,80000,90,0
C0940,Aman,29,Female,Australia,Sydney,PG,2,9,8,6,6,0,5,64000,90,0
C0941,Rahul,26,Male,India,Karnataka,PG,9,6,9,8,8,4,5,114000,15,0
C0942,Arjun,29,Male,Canada,Ontario,Diploma,6,5,9,8,9,0,1,88000,30,0
C0943,Arjun,31,Female,UK,London,UG,8,7,9,6,9,2,1,108000,30,0
C0944,Meera,31,Female,Canada,Ontario,PG,7,9,9,6,6,3,1,104000,45,0
C0945,Arjun,27,Female,UK,Manchester,PG,9,6,5,5,9,2,1,114000,30,0
C0946,Meera,30,Female,Canada,Quebec,UG,9,6,8,5,9,2,5,114000,60,0
C0947,Rahul,32,Female,India,Gujarat,UG,5,9,6,6,6,1,2,88000,45,0
C0948,Meera,31,Female,USA,New York,PG,5,9,8,8,5,0,1,88000,15,0
C0949,Neha,28,Male,UK,London,PG,0,9,8,9,5,2,3,48000,45,0
C0950,David,23,Male,Australia,Sydney,Diploma,5,8,9,6,9,0,2,86000,30,0
C0951,Karan,22,Male,USA,Texas,UG,7,8,8,7,5,2,1,102000,60,0
C0952,Meera,33,Male,USA,California,UG,0,6,7,8,7,4,3,42000,30,0
C0953,Arjun,27,Female,India,Maharashtra,Diploma,9,7,6,6,5,1,2,116000,15,0
C0954,Emily,25,Female,USA,California,Diploma,6,7,7,8,5,1,1,92000,60,0
C0955,Sara,32,Male,Canada,Ontario,Diploma,1,5,8,8,6,4,4,48000,30,0
C0956,Arjun,23,Female,UK,London,Diploma,0,8,7,8,5,0,2,46000,90,0
C0957,Karan,25,Male,Canada,Ontario,UG,0,9,7,7,9,3,5,48000,60,0
C0958,John,22,Female,Australia,Sydney,Diploma,3,8,8,8,8,4,2,70000,30,0
C0959,Sara,26,Male,India,Delhi,PG,8,6,6,9,8,3,5,106000,30,0
C0960,Arjun,25,Female,UK,Manchester,PG,9,9,5,8,7,0,1,120000,15,0
C0961,Arjun,35,Female,UK,Manchester,Diploma,1,8,7,5,7,1,2,54000,90,0
C0962,John,25,Female,Canada,Quebec,PG,2,8,6,7,5,2,3,62000,90,0
C0963,Aman,21,Female,Canada,Ontario,PG,1,8,8,9,8,2,5,54000,45,0
C0964,Rahul,30,Female,India,Tamil Nadu,PG,9,6,6,7,5,4,5,114000,45,0
C0965,Neha,34,Female,UK,Manchester,Diploma,8,5,5,8,8,1,1,104000,30,0
C0966,Rahul,33,Male,Australia,Sydney,Diploma,8,9,9,6,5,5,2,112000,60,0
C0967,Arjun,34,Female,Australia,Sydney,Diploma,3,6,6,5,5,3,3,66000,60,0
C0968,Priya,30,Male,India,Gujarat,PG,2,7,6,6,9,1,2,60000,30,0
C0969,David,32,Male,India,Karnataka,UG,3,6,5,5,9,3,1,66000,15,0
C0970,John,35,Male,India,Punjab,UG,3,9,8,6,8,4,5,72000,45,0
C0971,Priya,23,Male,India,Tamil Nadu,Diploma,8,6,5,7,6,3,5,106000,45,0
C0972,John,34,Male,UK,Manchester,UG,9,5,9,5,6,1,3,112000,90,0
C0973,Arjun,22,Female,Canada,Quebec,UG,3,5,7,9,8,2,1,64000,60,0
C0974,Arjun,34,Male,India,Punjab,PG,5,5,8,8,6,1,5,80000,15,0
C0975,Priya,22,Male,India,Karnataka,UG,4,6,6,8,6,2,1,74000,15,0
C0976,Neha,26,Male,UK,Manchester,PG,4,7,9,7,6,0,5,76000,45,0
C0977,Anjali,31,Male,UK,London,PG,9,5,6,8,5,3,2,112000,45,0
C0978,Rahul,34,Male,Canada,Ontario,PG,6,6,6,6,9,3,4,90000,60,0
C0979,Sara,34,Male,Canada,Quebec,Diploma,5,9,7,6,7,4,4,88000,90,0
C0980,Karan,23,Female,India,Gujarat,PG,7,6,5,5,7,3,1,98000,60,0
C0981,Sara,22,Male,UK,Manchester,Diploma,4,7,7,7,6,2,3,76000,15,0
C0982,Aman,23,Female,India,Tamil Nadu,Diploma,9,9,8,5,5,2,5,120000,15,0
C0983,Meera,25,Female,Australia,Melbourne,Diploma,0,6,8,9,6,3,5,42000,15,0
C0984,Karan,27,Female,USA,Texas,UG,0,6,9,9,8,0,3,42000,30,0
C0985,Sara,33,Female,Australia,Sydney,UG,0,7,6,6,9,5,2,44000,45,0
C0986,Rahul,21,Female,Canada,Quebec,Diploma,6,5,6,5,5,5,2,88000,45,0
C0987,Sara,30,Male,Australia,Sydney,Diploma,5,6,6,6,7,0,4,82000,90,0
C0988,Neha,27,Male,USA,New York,PG,0,9,6,6,8,2,3,48000,60,0
C0989,John,25,Male,UK,Manchester,UG,6,6,5,9,9,0,2,90000,15,0
C0990,Sara,22,Male,USA,California,PG,6,7,5,8,6,0,5,92000,45,0
C0991,Arjun,26,Female,Australia,Sydney,PG,2,6,6,7,7,1,3,58000,60,0
C0992,David,32,Male,India,Tamil Nadu,Diploma,6,5,7,7,6,0,4,88000,15,0
C0993,Anjali,31,Male,India,Maharashtra,Diploma,4,7,7,5,8,4,1,76000,15,0
C0994,Karan,28,Male,Canada,Ontario,Diploma,1,8,9,5,6,4,5,54000,60,0
C0995,Arjun,35,Female,UK,London,UG,2,8,7,6,9,2,4,62000,90,0
C0996,Arjun,28,Female,Australia,Sydney,PG,9,5,7,6,5,2,2,112000,15,0
C0997,Rahul,34,Male,USA,California,PG,6,6,7,6,9,2,2,90000,90,0
C0998,Anjali,26,Male,Canada,Ontario,PG,8,5,9,7,6,1,1,104000,60,0
C0999,Arjun,31,Male,UK,London,PG,6,9,5,5,9,2,2,96000,45,0
C1000,David,28,Male,Canada,Ontario,UG,5,8,8,8,9,0,3,86000,45,1
